Customer ID,Customer Name,Email ID,Customer Segment,Address
CG-12520,Claire Gute,claire_gute@example.com,Small Business,"Henderson, Kentucky"
CG-12520,Claire Gute,claire_gute@example.com,Consumer,"Henderson, Kentucky"
DV-13045,Darrin Van Huff,darrin_huff@example.com,Consumer,"Los Angeles, California"
SO-20335,Sean O'Donnell,sean_o'donnell@example.com,Corporate,"Fort Lauderdale, Florida"
SO-20335,Sean O'Donnell,sean_o'donnell@example.com,Consumer,"Fort Lauderdale, Florida"
BH-11710,Brosina Hoffman,brosina_hoffman@example.com,Consumer,"Los Angeles, California"
BH-11710,Brosina Hoffman,brosina_hoffman@example.com,Corporate,"Los Angeles, California"
BH-11710,Brosina Hoffman,brosina_hoffman@example.com,Corporate,"Los Angeles, California"
BH-11710,Brosina Hoffman,brosina_hoffman@example.com,Corporate,"Los Angeles, California"
BH-11710,Brosina Hoffman,brosina_hoffman@example.com,Home Office,"Los Angeles, California"
BH-11710,Brosina Hoffman,brosina_hoffman@example.com,Home Office,"Los Angeles, California"
BH-11710,Brosina Hoffman,brosina_hoffman@example.com,Home Office,"Los Angeles, California"
AA-10480,Andrew Allen,andrew_allen@example.com,Home Office,"Concord, North Carolina"
IM-15070,Irene Maddox,irene_maddox@example.com,Home Office,"Seattle, Washington"
HP-14815,Harold Pawlan,harold_pawlan@example.com,Small Business,"Fort Worth, Texas"
HP-14815,Harold Pawlan,harold_pawlan@example.com,Home Office,"Fort Worth, Texas"
PK-19075,Pete Kriz,pete_kriz@example.com,Small Business,"Madison, Wisconsin"
AG-10270,Alejandro Grove,alejandro_grove@example.com,Home Office,"West Jordan, Utah"
ZD-21925,Zuschuss Donatelli,zuschuss_donatelli@example.com,Home Office,"San Francisco, California"
ZD-21925,Zuschuss Donatelli,zuschuss_donatelli@example.com,Corporate,"San Francisco, California"
ZD-21925,Zuschuss Donatelli,zuschuss_donatelli@example.com,Corporate,"San Francisco, California"
KB-16585,Ken Black,ken_black@example.com,Consumer,"Fremont, Nebraska"
KB-16585,Ken Black,ken_black@example.com,Consumer,"Fremont, Nebraska"
SF-20065,Sandra Flanagan,sandra_flanagan@example.com,Corporate,"Philadelphia, Pennsylvania"
EB-13870,Emily Burns,emily_burns@example.com,Corporate,"Orem, Utah"
EH-13945,Eric Hoffmann,eric_hoffmann@example.com,Home Office,"Los Angeles, California"
EH-13945,Eric Hoffmann,eric_hoffmann@example.com,Home Office,"Los Angeles, California"
TB-21520,Tracy Blumstein,tracy_blumstein@example.com,Corporate,"Philadelphia, Pennsylvania"
TB-21520,Tracy Blumstein,tracy_blumstein@example.com,Consumer,"Philadelphia, Pennsylvania"
TB-21520,Tracy Blumstein,tracy_blumstein@example.com,Small Business,"Philadelphia, Pennsylvania"
TB-21520,Tracy Blumstein,tracy_blumstein@example.com,Home Office,"Philadelphia, Pennsylvania"
TB-21520,Tracy Blumstein,tracy_blumstein@example.com,Home Office,"Philadelphia, Pennsylvania"
TB-21520,Tracy Blumstein,tracy_blumstein@example.com,Corporate,"Philadelphia, Pennsylvania"
TB-21520,Tracy Blumstein,tracy_blumstein@example.com,Corporate,"Philadelphia, Pennsylvania"
MA-17560,Matt Abelman,matt_abelman@example.com,Corporate,"Houston, Texas"
GH-14485,Gene Hale,gene_hale@example.com,Corporate,"Richardson, Texas"
GH-14485,Gene Hale,gene_hale@example.com,Corporate,"Richardson, Texas"
SN-20710,Steve Nguyen,steve_nguyen@example.com,Corporate,"Houston, Texas"
SN-20710,Steve Nguyen,steve_nguyen@example.com,Corporate,"Houston, Texas"
SN-20710,Steve Nguyen,steve_nguyen@example.com,Consumer,"Houston, Texas"
SN-20710,Steve Nguyen,steve_nguyen@example.com,Small Business,"Houston, Texas"
LC-16930,Linda Cazamias,linda_cazamias@example.com,Small Business,"Naperville, Illinois"
RA-19885,Ruben Ausman,ruben_ausman@example.com,Corporate,"Los Angeles, California"
ES-14080,Erin Smith,erin_smith@example.com,Corporate,"Melbourne, Florida"
ON-18715,Odella Nelson,odella_nelson@example.com,Corporate,"Eagan, Minnesota"
ON-18715,Odella Nelson,odella_nelson@example.com,Home Office,"Eagan, Minnesota"
PO-18865,Patrick O'Donnell,patrick_o'donnell@example.com,Home Office,"Westland, Michigan"
LH-16900,Lena Hernandez,lena_hernandez@example.com,Home Office,"Dover, Delaware"
LH-16900,Lena Hernandez,lena_hernandez@example.com,Home Office,"Dover, Delaware"
DP-13000,Darren Powers,darren_powers@example.com,Home Office,"New Albany, Indiana"
DP-13000,Darren Powers,darren_powers@example.com,Corporate,"New Albany, Indiana"
DP-13000,Darren Powers,darren_powers@example.com,Corporate,"New Albany, Indiana"
DP-13000,Darren Powers,darren_powers@example.com,Corporate,"New Albany, Indiana"
JM-15265,Janet Molinari,janet_molinari@example.com,Corporate,"New York City, New York"
JM-15265,Janet Molinari,janet_molinari@example.com,Home Office,"New York City, New York"
TB-21055,Ted Butterfield,ted_butterfield@example.com,Corporate,"Troy, New York"
TB-21055,Ted Butterfield,ted_butterfield@example.com,Corporate,"Troy, New York"
TB-21055,Ted Butterfield,ted_butterfield@example.com,Home Office,"Troy, New York"
TB-21055,Ted Butterfield,ted_butterfield@example.com,Home Office,"Troy, New York"
TB-21055,Ted Butterfield,ted_butterfield@example.com,Home Office,"Troy, New York"
TB-21055,Ted Butterfield,ted_butterfield@example.com,Corporate,"Troy, New York"
TB-21055,Ted Butterfield,ted_butterfield@example.com,Corporate,"Troy, New York"
KM-16720,Kunst Miller,kunst_miller@example.com,Corporate,"Los Angeles, California"
KM-16720,Kunst Miller,kunst_miller@example.com,Corporate,"Los Angeles, California"
KM-16720,Kunst Miller,kunst_miller@example.com,Home Office,"Los Angeles, California"
KM-16720,Kunst Miller,kunst_miller@example.com,Home Office,"Los Angeles, California"
PS-18970,Paul Stevenson,paul_stevenson@example.com,Consumer,"Chicago, Illinois"
BS-11590,Brendan Sweed,brendan_sweed@example.com,Consumer,"Gilbert, Arizona"
BS-11590,Brendan Sweed,brendan_sweed@example.com,Corporate,"Gilbert, Arizona"
KD-16270,Karen Daniels,karen_daniels@example.com,Corporate,"Springfield, Virginia"
HM-14980,Henry MacAllister,henry_macallister@example.com,Corporate,"New York City, New York"
TB-21520,Tracy Blumstein,tracy_blumstein@example.com,Corporate,"Jackson, Michigan"
JE-15745,Joel Eaton,joel_eaton@example.com,Corporate,"Memphis, Tennessee"
JE-15745,Joel Eaton,joel_eaton@example.com,Consumer,"Memphis, Tennessee"
JE-15745,Joel Eaton,joel_eaton@example.com,Corporate,"Memphis, Tennessee"
KB-16600,Ken Brennan,ken_brennan@example.com,Small Business,"Houston, Texas"
KB-16600,Ken Brennan,ken_brennan@example.com,Small Business,"Houston, Texas"
KB-16600,Ken Brennan,ken_brennan@example.com,Small Business,"Houston, Texas"
JE-15745,Joel Eaton,joel_eaton@example.com,Consumer,"Houston, Texas"
SC-20770,Stewart Carmichael,stewart_carmichael@example.com,Consumer,"Decatur, Alabama"
SC-20770,Stewart Carmichael,stewart_carmichael@example.com,Consumer,"Decatur, Alabama"
DN-13690,Duane Noonan,duane_noonan@example.com,Consumer,"San Francisco, California"
DN-13690,Duane Noonan,duane_noonan@example.com,Consumer,"San Francisco, California"
JC-16105,Julie Creighton,julie_creighton@example.com,Corporate,"Durham, North Carolina"
CS-12400,Christopher Schild,christopher_schild@example.com,Corporate,"Chicago, Illinois"
PO-18865,Patrick O'Donnell,patrick_o'donnell@example.com,Home Office,"Columbia, South Carolina"
PG-18895,Paul Gonzalez,paul_gonzalez@example.com,Home Office,"Rochester, Minnesota"
PG-18895,Paul Gonzalez,paul_gonzalez@example.com,Home Office,"Rochester, Minnesota"
GM-14455,Gary Mitchum,gary_mitchum@example.com,Corporate,"Houston, Texas"
JS-15685,Jim Sink,jim_sink@example.com,Corporate,"Los Angeles, California"
JS-15685,Jim Sink,jim_sink@example.com,Corporate,"Los Angeles, California"
JS-15685,Jim Sink,jim_sink@example.com,Corporate,"Los Angeles, California"
KB-16315,Karl Braun,karl_braun@example.com,Small Business,"Minneapolis, Minnesota"
KB-16315,Karl Braun,karl_braun@example.com,Corporate,"Minneapolis, Minnesota"
KB-16315,Karl Braun,karl_braun@example.com,Corporate,"Minneapolis, Minnesota"
RB-19705,Roger Barcio,roger_barcio@example.com,Corporate,"Portland, Oregon"
PN-18775,Parhena Norris,parhena_norris@example.com,Corporate,"New York City, New York"
KD-16345,Katherine Ducich,katherine_ducich@example.com,Corporate,"San Francisco, California"
ER-13855,Elpida Rittenbach,elpida_rittenbach@example.com,Small Business,"Saint Paul, Minnesota"
RB-19465,Rick Bensley,rick_bensley@example.com,Consumer,"Chicago, Illinois"
RB-19465,Rick Bensley,rick_bensley@example.com,Small Business,"Chicago, Illinois"
RB-19465,Rick Bensley,rick_bensley@example.com,Corporate,"Chicago, Illinois"
GZ-14470,Gary Zandusky,gary_zandusky@example.com,Corporate,"Rochester, Minnesota"
LC-16870,Lena Cacioppo,lena_cacioppo@example.com,Home Office,"Aurora, Colorado"
LC-16870,Lena Cacioppo,lena_cacioppo@example.com,Corporate,"Aurora, Colorado"
LC-16870,Lena Cacioppo,lena_cacioppo@example.com,Consumer,"Aurora, Colorado"
JM-15250,Janet Martin,janet_martin@example.com,Corporate,"Charlotte, North Carolina"
JM-15250,Janet Martin,janet_martin@example.com,Corporate,"Charlotte, North Carolina"
JM-15250,Janet Martin,janet_martin@example.com,Home Office,"Charlotte, North Carolina"
PA-19060,Pete Armstrong,pete_armstrong@example.com,Home Office,"Orland Park, Illinois"
CV-12805,Cynthia Voltz,cynthia_voltz@example.com,Corporate,"New York City, New York"
CL-12565,Clay Ludtke,clay_ludtke@example.com,Corporate,"Urbandale, Iowa"
CL-12565,Clay Ludtke,clay_ludtke@example.com,Corporate,"Urbandale, Iowa"
RC-19960,Ryan Crowe,ryan_crowe@example.com,Home Office,"Columbus, Ohio"
RC-19960,Ryan Crowe,ryan_crowe@example.com,Corporate,"Columbus, Ohio"
RC-19960,Ryan Crowe,ryan_crowe@example.com,Small Business,"Columbus, Ohio"
RC-19960,Ryan Crowe,ryan_crowe@example.com,Small Business,"Columbus, Ohio"
DK-13090,Dave Kipp,dave_kipp@example.com,Small Business,"Seattle, Washington"
GG-14650,Greg Guthrie,greg_guthrie@example.com,Small Business,"Bristol, Tennessee"
SC-20725,Steven Cartwright,steven_cartwright@example.com,Corporate,"Wilmington, Delaware"
SC-20725,Steven Cartwright,steven_cartwright@example.com,Corporate,"Wilmington, Delaware"
SC-20725,Steven Cartwright,steven_cartwright@example.com,Small Business,"Wilmington, Delaware"
SC-20725,Steven Cartwright,steven_cartwright@example.com,Small Business,"Wilmington, Delaware"
SC-20725,Steven Cartwright,steven_cartwright@example.com,Home Office,"Wilmington, Delaware"
AD-10180,Alan Dominguez,alan_dominguez@example.com,Corporate,"Houston, Texas"
PF-19165,Philip Fox,philip_fox@example.com,Small Business,"Bloomington, Illinois"
TS-21610,Troy Staebel,troy_staebel@example.com,Small Business,"Phoenix, Arizona"
TS-21610,Troy Staebel,troy_staebel@example.com,Small Business,"Phoenix, Arizona"
LS-16975,Lindsay Shagiari,lindsay_shagiari@example.com,Small Business,"Los Angeles, California"
LS-16975,Lindsay Shagiari,lindsay_shagiari@example.com,Small Business,"Los Angeles, California"
DW-13585,Dorothy Wardle,dorothy_wardle@example.com,Small Business,"Columbus, Ohio"
DW-13585,Dorothy Wardle,dorothy_wardle@example.com,Corporate,"Columbus, Ohio"
DW-13585,Dorothy Wardle,dorothy_wardle@example.com,Consumer,"Columbus, Ohio"
LC-16885,Lena Creighton,lena_creighton@example.com,Home Office,"Roseville, California"
LC-16885,Lena Creighton,lena_creighton@example.com,Home Office,"Roseville, California"
LC-16885,Lena Creighton,lena_creighton@example.com,Home Office,"Roseville, California"
LC-16885,Lena Creighton,lena_creighton@example.com,Home Office,"Roseville, California"
LC-16885,Lena Creighton,lena_creighton@example.com,Home Office,"Roseville, California"
LC-16885,Lena Creighton,lena_creighton@example.com,Small Business,"Roseville, California"
LC-16885,Lena Creighton,lena_creighton@example.com,Corporate,"Roseville, California"
JD-15895,Jonathan Doherty,jonathan_doherty@example.com,Corporate,"Philadelphia, Pennsylvania"
SH-19975,Sally Hughsby,sally_hughsby@example.com,Small Business,"San Francisco, California"
SH-19975,Sally Hughsby,sally_hughsby@example.com,Home Office,"San Francisco, California"
SH-19975,Sally Hughsby,sally_hughsby@example.com,Home Office,"San Francisco, California"
SG-20080,Sandra Glassco,sandra_glassco@example.com,Home Office,"Independence, Missouri"
HA-14920,Helen Andreada,helen_andreada@example.com,Corporate,"Pasadena, California"
MG-17680,Maureen Gastineau,maureen_gastineau@example.com,Corporate,"Newark, Ohio"
JE-16165,Justin Ellison,justin_ellison@example.com,Home Office,"Franklin, Wisconsin"
JE-16165,Justin Ellison,justin_ellison@example.com,Corporate,"Franklin, Wisconsin"
JE-16165,Justin Ellison,justin_ellison@example.com,Corporate,"Franklin, Wisconsin"
JE-16165,Justin Ellison,justin_ellison@example.com,Corporate,"Franklin, Wisconsin"
TW-21025,Tamara Willingham,tamara_willingham@example.com,Corporate,"Scottsdale, Arizona"
TW-21025,Tamara Willingham,tamara_willingham@example.com,Small Business,"Scottsdale, Arizona"
SP-20650,Stephanie Phelps,stephanie_phelps@example.com,Small Business,"San Jose, California"
SP-20650,Stephanie Phelps,stephanie_phelps@example.com,Corporate,"San Jose, California"
SP-20650,Stephanie Phelps,stephanie_phelps@example.com,Corporate,"San Jose, California"
NK-18490,Neil Knudson,neil_knudson@example.com,Corporate,"Seattle, Washington"
DB-13060,Dave Brooks,dave_brooks@example.com,Corporate,"Seattle, Washington"
NP-18670,Nora Paige,nora_paige@example.com,Corporate,"Edmond, Oklahoma"
NP-18670,Nora Paige,nora_paige@example.com,Small Business,"Edmond, Oklahoma"
TT-21070,Ted Trevino,ted_trevino@example.com,Consumer,"Los Angeles, California"
EM-13960,Eric Murdock,eric_murdock@example.com,Consumer,"Philadelphia, Pennsylvania"
RD-19900,Ruben Dartt,ruben_dartt@example.com,Home Office,"Carlsbad, New Mexico"
MJ-17740,Max Jones,max_jones@example.com,Small Business,"Seattle, Washington"
BM-11140,Becky Martin,becky_martin@example.com,Small Business,"San Antonio, Texas"
BM-11140,Becky Martin,becky_martin@example.com,Home Office,"San Antonio, Texas"
BM-11140,Becky Martin,becky_martin@example.com,Corporate,"San Antonio, Texas"
BM-11140,Becky Martin,becky_martin@example.com,Consumer,"San Antonio, Texas"
BM-11140,Becky Martin,becky_martin@example.com,Corporate,"San Antonio, Texas"
BM-11140,Becky Martin,becky_martin@example.com,Corporate,"San Antonio, Texas"
BM-11140,Becky Martin,becky_martin@example.com,Corporate,"San Antonio, Texas"
CS-12130,Chad Sievert,chad_sievert@example.com,Corporate,"Los Angeles, California"
CS-12130,Chad Sievert,chad_sievert@example.com,Corporate,"Los Angeles, California"
CS-12130,Chad Sievert,chad_sievert@example.com,Corporate,"Los Angeles, California"
JB-15400,Jennifer Braxton,jennifer_braxton@example.com,Corporate,"Chicago, Illinois"
JB-15400,Jennifer Braxton,jennifer_braxton@example.com,Small Business,"Chicago, Illinois"
SJ-20500,Shirley Jackson,shirley_jackson@example.com,Corporate,"Houston, Texas"
JE-15745,Joel Eaton,joel_eaton@example.com,Home Office,"Newark, Ohio"
JE-15745,Joel Eaton,joel_eaton@example.com,Corporate,"Newark, Ohio"
JK-15640,Jim Kriz,jim_kriz@example.com,Corporate,"New York City, New York"
DK-13150,David Kendrick,david_kendrick@example.com,Corporate,"Decatur, Illinois"
DK-13150,David Kendrick,david_kendrick@example.com,Small Business,"Decatur, Illinois"
RM-19675,Robert Marley,robert_marley@example.com,Home Office,"Monroe, Louisiana"
RM-19675,Robert Marley,robert_marley@example.com,Small Business,"Monroe, Louisiana"
RM-19675,Robert Marley,robert_marley@example.com,Small Business,"Monroe, Louisiana"
SK-19990,Sally Knutson,sally_knutson@example.com,Small Business,"Fairfield, Connecticut"
FM-14290,Frank Merwin,frank_merwin@example.com,Corporate,"Los Angeles, California"
AM-10360,Alice McCarthy,alice_mccarthy@example.com,Corporate,"Grand Prairie, Texas"
AM-10360,Alice McCarthy,alice_mccarthy@example.com,Consumer,"Grand Prairie, Texas"
MP-17470,Mark Packer,mark_packer@example.com,Home Office,"New York City, New York"
MP-17470,Mark Packer,mark_packer@example.com,Home Office,"New York City, New York"
MP-17470,Mark Packer,mark_packer@example.com,Consumer,"New York City, New York"
MP-17470,Mark Packer,mark_packer@example.com,Consumer,"New York City, New York"
MP-17470,Mark Packer,mark_packer@example.com,Corporate,"New York City, New York"
MZ-17515,Mary Zewe,mary_zewe@example.com,Small Business,"Redlands, California"
CB-12025,Cassandra Brandow,cassandra_brandow@example.com,Corporate,"Hamilton, Ohio"
CB-12025,Cassandra Brandow,cassandra_brandow@example.com,Corporate,"Hamilton, Ohio"
VM-21685,Valerie Mitchum,valerie_mitchum@example.com,Consumer,"Westfield, New Jersey"
FH-14365,Fred Hopkins,fred_hopkins@example.com,Corporate,"Philadelphia, Pennsylvania"
FH-14365,Fred Hopkins,fred_hopkins@example.com,Corporate,"Philadelphia, Pennsylvania"
MB-17305,Maria Bertelson,maria_bertelson@example.com,Home Office,"Akron, Ohio"
BS-11755,Bruce Stewart,bruce_stewart@example.com,Corporate,"Denver, Colorado"
BS-11755,Bruce Stewart,bruce_stewart@example.com,Home Office,"Denver, Colorado"
LC-17140,Logan Currie,logan_currie@example.com,Home Office,"Dallas, Texas"
HK-14890,Heather Kirkland,heather_kirkland@example.com,Home Office,"Franklin, Tennessee"
LE-16810,Laurel Elliston,laurel_elliston@example.com,Corporate,"Whittier, California"
JH-15985,Joseph Holt,joseph_holt@example.com,Small Business,"Saginaw, Michigan"
JH-15985,Joseph Holt,joseph_holt@example.com,Small Business,"Saginaw, Michigan"
JH-15985,Joseph Holt,joseph_holt@example.com,Small Business,"Saginaw, Michigan"
JH-15985,Joseph Holt,joseph_holt@example.com,Corporate,"Saginaw, Michigan"
JH-15985,Joseph Holt,joseph_holt@example.com,Corporate,"Saginaw, Michigan"
MS-17980,Michael Stewart,michael_stewart@example.com,Home Office,"Dallas, Texas"
VW-21775,Victoria Wilson,victoria_wilson@example.com,Small Business,"Medina, Ohio"
VW-21775,Victoria Wilson,victoria_wilson@example.com,Small Business,"Medina, Ohio"
VW-21775,Victoria Wilson,victoria_wilson@example.com,Home Office,"Medina, Ohio"
VW-21775,Victoria Wilson,victoria_wilson@example.com,Corporate,"Medina, Ohio"
VW-21775,Victoria Wilson,victoria_wilson@example.com,Corporate,"Medina, Ohio"
JH-15910,Jonathan Howell,jonathan_howell@example.com,Corporate,"Los Angeles, California"
JH-15910,Jonathan Howell,jonathan_howell@example.com,Small Business,"Los Angeles, California"
JB-15925,Joni Blumstein,joni_blumstein@example.com,Corporate,"Dublin, Ohio"
JB-15925,Joni Blumstein,joni_blumstein@example.com,Corporate,"Dublin, Ohio"
JB-15925,Joni Blumstein,joni_blumstein@example.com,Corporate,"Dublin, Ohio"
JB-15925,Joni Blumstein,joni_blumstein@example.com,Home Office,"Dublin, Ohio"
JB-15925,Joni Blumstein,joni_blumstein@example.com,Corporate,"Dublin, Ohio"
JB-15925,Joni Blumstein,joni_blumstein@example.com,Corporate,"Dublin, Ohio"
DS-13180,David Smith,david_smith@example.com,Corporate,"Detroit, Michigan"
DS-13180,David Smith,david_smith@example.com,Home Office,"Detroit, Michigan"
DS-13180,David Smith,david_smith@example.com,Home Office,"Detroit, Michigan"
VD-21670,Valerie Dominguez,valerie_dominguez@example.com,Small Business,"Columbia, Tennessee"
VD-21670,Valerie Dominguez,valerie_dominguez@example.com,Corporate,"Columbia, Tennessee"
EA-14035,Erin Ashbrook,erin_ashbrook@example.com,Home Office,"Charlotte, North Carolina"
CS-12400,Christopher Schild,christopher_schild@example.com,Home Office,"Tampa, Florida"
CS-12400,Christopher Schild,christopher_schild@example.com,Home Office,"Tampa, Florida"
CS-12400,Christopher Schild,christopher_schild@example.com,Corporate,"Tampa, Florida"
CS-12400,Christopher Schild,christopher_schild@example.com,Corporate,"Tampa, Florida"
CS-12400,Christopher Schild,christopher_schild@example.com,Corporate,"Tampa, Florida"
DB-13120,David Bremer,david_bremer@example.com,Corporate,"Santa Clara, California"
KL-16645,Ken Lonsdale,ken_lonsdale@example.com,Corporate,"Chicago, Illinois"
KL-16645,Ken Lonsdale,ken_lonsdale@example.com,Corporate,"Chicago, Illinois"
KL-16645,Ken Lonsdale,ken_lonsdale@example.com,Home Office,"Chicago, Illinois"
KL-16645,Ken Lonsdale,ken_lonsdale@example.com,Consumer,"Chicago, Illinois"
KL-16645,Ken Lonsdale,ken_lonsdale@example.com,Home Office,"Chicago, Illinois"
KL-16645,Ken Lonsdale,ken_lonsdale@example.com,Home Office,"Chicago, Illinois"
KL-16645,Ken Lonsdale,ken_lonsdale@example.com,Home Office,"Chicago, Illinois"
DW-13480,Dianna Wilson,dianna_wilson@example.com,Small Business,"Lakeville, Minnesota"
DW-13480,Dianna Wilson,dianna_wilson@example.com,Corporate,"Lakeville, Minnesota"
DW-13480,Dianna Wilson,dianna_wilson@example.com,Corporate,"Lakeville, Minnesota"
DW-13480,Dianna Wilson,dianna_wilson@example.com,Corporate,"Lakeville, Minnesota"
DW-13480,Dianna Wilson,dianna_wilson@example.com,Consumer,"Lakeville, Minnesota"
LH-17155,Logan Haushalter,logan_haushalter@example.com,Small Business,"San Francisco, California"
KC-16540,Kelly Collister,kelly_collister@example.com,Small Business,"San Diego, California"
KC-16540,Kelly Collister,kelly_collister@example.com,Corporate,"San Diego, California"
DL-13315,Delfina Latchford,delfina_latchford@example.com,Corporate,"New York City, New York"
DL-13315,Delfina Latchford,delfina_latchford@example.com,Corporate,"New York City, New York"
DR-12880,Dan Reichenbach,dan_reichenbach@example.com,Corporate,"Chicago, Illinois"
DR-12880,Dan Reichenbach,dan_reichenbach@example.com,Corporate,"Chicago, Illinois"
DR-12880,Dan Reichenbach,dan_reichenbach@example.com,Home Office,"Chicago, Illinois"
DR-12880,Dan Reichenbach,dan_reichenbach@example.com,Corporate,"Chicago, Illinois"
CC-12670,Craig Carreira,craig_carreira@example.com,Corporate,"New York City, New York"
CC-12670,Craig Carreira,craig_carreira@example.com,Corporate,"New York City, New York"
CC-12670,Craig Carreira,craig_carreira@example.com,Corporate,"New York City, New York"
Dl-13600,Dorris liebe,dorris_liebe@example.com,Corporate,"Pasadena, Texas"
SB-20290,Sean Braxton,sean_braxton@example.com,Consumer,"Houston, Texas"
SB-20290,Sean Braxton,sean_braxton@example.com,Corporate,"Houston, Texas"
RC-19825,Roy Collins,roy_collins@example.com,Small Business,"Chicago, Illinois"
AH-10210,Alan Hwang,alan_hwang@example.com,Corporate,"Brentwood, California"
CB-12535,Claudia Bergmann,claudia_bergmann@example.com,Small Business,"Chapel Hill, North Carolina"
PG-18895,Paul Gonzalez,paul_gonzalez@example.com,Consumer,"Morristown, New Jersey"
CA-12310,Christine Abelman,christine_abelman@example.com,Consumer,"Cincinnati, Ohio"
CA-12310,Christine Abelman,christine_abelman@example.com,Home Office,"Cincinnati, Ohio"
KH-16690,Kristen Hastings,kristen_hastings@example.com,Small Business,"San Francisco, California"
HA-14920,Helen Andreada,helen_andreada@example.com,Small Business,"San Francisco, California"
HA-14920,Helen Andreada,helen_andreada@example.com,Small Business,"San Francisco, California"
HA-14920,Helen Andreada,helen_andreada@example.com,Corporate,"San Francisco, California"
BB-10990,Barry Blumstein,barry_blumstein@example.com,Corporate,"Inglewood, California"
BB-10990,Barry Blumstein,barry_blumstein@example.com,Corporate,"Inglewood, California"
AG-10495,Andrew Gjertsen,andrew_gjertsen@example.com,Corporate,"Philadelphia, Pennsylvania"
AG-10495,Andrew Gjertsen,andrew_gjertsen@example.com,Small Business,"Philadelphia, Pennsylvania"
AG-10495,Andrew Gjertsen,andrew_gjertsen@example.com,Corporate,"Philadelphia, Pennsylvania"
AG-10495,Andrew Gjertsen,andrew_gjertsen@example.com,Home Office,"Philadelphia, Pennsylvania"
SC-20725,Steven Cartwright,steven_cartwright@example.com,Corporate,"Houston, Texas"
SC-20725,Steven Cartwright,steven_cartwright@example.com,Corporate,"Houston, Texas"
JO-15280,Jas O'Carroll,jas_o'carroll@example.com,Corporate,"Los Angeles, California"
TB-21520,Tracy Blumstein,tracy_blumstein@example.com,Corporate,"Portland, Oregon"
TB-21520,Tracy Blumstein,tracy_blumstein@example.com,Corporate,"Portland, Oregon"
TB-21520,Tracy Blumstein,tracy_blumstein@example.com,Corporate,"Portland, Oregon"
AH-10195,Alan Haines,alan_haines@example.com,Small Business,"Tamarac, Florida"
AH-10195,Alan Haines,alan_haines@example.com,Small Business,"Tamarac, Florida"
AH-10195,Alan Haines,alan_haines@example.com,Small Business,"Tamarac, Florida"
NZ-18565,Nick Zandusky,nick_zandusky@example.com,Home Office,"Columbus, Ohio"
NZ-18565,Nick Zandusky,nick_zandusky@example.com,Home Office,"Columbus, Ohio"
NZ-18565,Nick Zandusky,nick_zandusky@example.com,Corporate,"Columbus, Ohio"
NZ-18565,Nick Zandusky,nick_zandusky@example.com,Corporate,"Columbus, Ohio"
KL-16555,Kelly Lampkin,kelly_lampkin@example.com,Corporate,"Colorado Springs, Colorado"
KL-16555,Kelly Lampkin,kelly_lampkin@example.com,Corporate,"Colorado Springs, Colorado"
KL-16555,Kelly Lampkin,kelly_lampkin@example.com,Corporate,"Colorado Springs, Colorado"
KL-16555,Kelly Lampkin,kelly_lampkin@example.com,Small Business,"Colorado Springs, Colorado"
KL-16555,Kelly Lampkin,kelly_lampkin@example.com,Small Business,"Colorado Springs, Colorado"
JD-15895,Jonathan Doherty,jonathan_doherty@example.com,Corporate,"Belleville, New Jersey"
JD-15895,Jonathan Doherty,jonathan_doherty@example.com,Corporate,"Belleville, New Jersey"
JD-15895,Jonathan Doherty,jonathan_doherty@example.com,Corporate,"Belleville, New Jersey"
JD-15895,Jonathan Doherty,jonathan_doherty@example.com,Home Office,"Belleville, New Jersey"
JD-15895,Jonathan Doherty,jonathan_doherty@example.com,Corporate,"Belleville, New Jersey"
JH-15910,Jonathan Howell,jonathan_howell@example.com,Corporate,"Chicago, Illinois"
AS-10225,Alan Schoenberger,alan_schoenberger@example.com,Corporate,"New York City, New York"
KB-16600,Ken Brennan,ken_brennan@example.com,Corporate,"Taylor, Michigan"
CR-12625,Corey Roper,corey_roper@example.com,Corporate,"Lakewood, New Jersey"
CR-12625,Corey Roper,corey_roper@example.com,Corporate,"Lakewood, New Jersey"
SH-20395,Shahid Hopkins,shahid_hopkins@example.com,Corporate,"Arlington, Virginia"
BP-11185,Ben Peterman,ben_peterman@example.com,Corporate,"Arvada, Colorado"
BP-11185,Ben Peterman,ben_peterman@example.com,Corporate,"Arvada, Colorado"
BP-11185,Ben Peterman,ben_peterman@example.com,Corporate,"Arvada, Colorado"
BP-11185,Ben Peterman,ben_peterman@example.com,Corporate,"Arvada, Colorado"
TS-21205,Thomas Seio,thomas_seio@example.com,Home Office,"Hackensack, New Jersey"
AG-10525,Andy Gerbode,andy_gerbode@example.com,Home Office,"Saint Petersburg, Florida"
AG-10525,Andy Gerbode,andy_gerbode@example.com,Home Office,"Saint Petersburg, Florida"
SP-20860,Sung Pak,sung_pak@example.com,Corporate,"Philadelphia, Pennsylvania"
NM-18445,Nathan Mautz,nathan_mautz@example.com,Corporate,"New York City, New York"
NM-18445,Nathan Mautz,nathan_mautz@example.com,Corporate,"New York City, New York"
NM-18445,Nathan Mautz,nathan_mautz@example.com,Corporate,"New York City, New York"
NM-18445,Nathan Mautz,nathan_mautz@example.com,Home Office,"New York City, New York"
NM-18445,Nathan Mautz,nathan_mautz@example.com,Corporate,"New York City, New York"
FA-14230,Frank Atkinson,frank_atkinson@example.com,Corporate,"Long Beach, California"
GK-14620,Grace Kelly,grace_kelly@example.com,Corporate,"Hesperia, California"
GK-14620,Grace Kelly,grace_kelly@example.com,Home Office,"Hesperia, California"
DJ-13510,Don Jones,don_jones@example.com,Home Office,"Murfreesboro, Tennessee"
PO-18850,Patrick O'Brill,patrick_o'brill@example.com,Home Office,"Philadelphia, Pennsylvania"
PO-18850,Patrick O'Brill,patrick_o'brill@example.com,Home Office,"Philadelphia, Pennsylvania"
PO-18850,Patrick O'Brill,patrick_o'brill@example.com,Corporate,"Philadelphia, Pennsylvania"
PO-18850,Patrick O'Brill,patrick_o'brill@example.com,Corporate,"Philadelphia, Pennsylvania"
PO-18850,Patrick O'Brill,patrick_o'brill@example.com,Home Office,"Philadelphia, Pennsylvania"
JL-15850,John Lucas,john_lucas@example.com,Corporate,"Philadelphia, Pennsylvania"
JL-15850,John Lucas,john_lucas@example.com,Corporate,"Philadelphia, Pennsylvania"
JL-15850,John Lucas,john_lucas@example.com,Corporate,"Philadelphia, Pennsylvania"
DB-13615,Doug Bickford,doug_bickford@example.com,Home Office,"Los Angeles, California"
DB-13615,Doug Bickford,doug_bickford@example.com,Home Office,"Los Angeles, California"
DB-13615,Doug Bickford,doug_bickford@example.com,Corporate,"Los Angeles, California"
AC-10420,Alyssa Crouse,alyssa_crouse@example.com,Consumer,"San Francisco, California"
AC-10420,Alyssa Crouse,alyssa_crouse@example.com,Corporate,"San Francisco, California"
KL-16645,Ken Lonsdale,ken_lonsdale@example.com,Small Business,"Layton, Utah"
JD-15895,Jonathan Doherty,jonathan_doherty@example.com,Home Office,"Philadelphia, Pennsylvania"
JD-15895,Jonathan Doherty,jonathan_doherty@example.com,Small Business,"Philadelphia, Pennsylvania"
JD-15895,Jonathan Doherty,jonathan_doherty@example.com,Small Business,"Philadelphia, Pennsylvania"
JD-15895,Jonathan Doherty,jonathan_doherty@example.com,Small Business,"Philadelphia, Pennsylvania"
CS-12130,Chad Sievert,chad_sievert@example.com,Small Business,"Austin, Texas"
CC-12550,Clay Cheatham,clay_cheatham@example.com,Corporate,"San Francisco, California"
TD-20995,Tamara Dahlen,tamara_dahlen@example.com,Corporate,"Lowell, Massachusetts"
TD-20995,Tamara Dahlen,tamara_dahlen@example.com,Corporate,"Lowell, Massachusetts"
TD-20995,Tamara Dahlen,tamara_dahlen@example.com,Consumer,"Lowell, Massachusetts"
AB-10060,Adam Bellavance,adam_bellavance@example.com,Consumer,"New York City, New York"
AB-10060,Adam Bellavance,adam_bellavance@example.com,Corporate,"New York City, New York"
AB-10060,Adam Bellavance,adam_bellavance@example.com,Corporate,"New York City, New York"
AB-10060,Adam Bellavance,adam_bellavance@example.com,Home Office,"New York City, New York"
AB-10060,Adam Bellavance,adam_bellavance@example.com,Corporate,"New York City, New York"
JL-15505,Jeremy Lonsdale,jeremy_lonsdale@example.com,Corporate,"New York City, New York"
JL-15505,Jeremy Lonsdale,jeremy_lonsdale@example.com,Corporate,"New York City, New York"
JL-15505,Jeremy Lonsdale,jeremy_lonsdale@example.com,Corporate,"New York City, New York"
JL-15505,Jeremy Lonsdale,jeremy_lonsdale@example.com,Corporate,"New York City, New York"
HK-14890,Heather Kirkland,heather_kirkland@example.com,Home Office,"Charlotte, North Carolina"
VB-21745,Victoria Brennan,victoria_brennan@example.com,Corporate,"Columbus, Georgia"
VB-21745,Victoria Brennan,victoria_brennan@example.com,Corporate,"Columbus, Georgia"
KW-16435,Katrina Willman,katrina_willman@example.com,Corporate,"New York City, New York"
KW-16435,Katrina Willman,katrina_willman@example.com,Corporate,"New York City, New York"
KW-16435,Katrina Willman,katrina_willman@example.com,Consumer,"New York City, New York"
KW-16435,Katrina Willman,katrina_willman@example.com,Home Office,"New York City, New York"
JD-16060,Julia Dunbar,julia_dunbar@example.com,Consumer,"San Francisco, California"
MK-17905,Michael Kennedy,michael_kennedy@example.com,Home Office,"Manchester, Connecticut"
MK-17905,Michael Kennedy,michael_kennedy@example.com,Home Office,"Manchester, Connecticut"
MK-17905,Michael Kennedy,michael_kennedy@example.com,Home Office,"Manchester, Connecticut"
MK-17905,Michael Kennedy,michael_kennedy@example.com,Home Office,"Manchester, Connecticut"
GT-14755,Guy Thornton,guy_thornton@example.com,Corporate,"Harlingen, Texas"
GT-14755,Guy Thornton,guy_thornton@example.com,Home Office,"Harlingen, Texas"
AG-10900,Arthur Gainer,arthur_gainer@example.com,Corporate,"Tucson, Arizona"
AG-10900,Arthur Gainer,arthur_gainer@example.com,Small Business,"Tucson, Arizona"
AG-10900,Arthur Gainer,arthur_gainer@example.com,Corporate,"Tucson, Arizona"
AG-10900,Arthur Gainer,arthur_gainer@example.com,Corporate,"Tucson, Arizona"
MM-18280,Muhammed MacIntyre,muhammed_macintyre@example.com,Consumer,"Quincy, Illinois"
AR-10405,Allen Rosenblatt,allen_rosenblatt@example.com,Small Business,"Franklin, Massachusetts"
RA-19915,Russell Applegate,russell_applegate@example.com,Small Business,"Houston, Texas"
RA-19915,Russell Applegate,russell_applegate@example.com,Home Office,"Houston, Texas"
RA-19915,Russell Applegate,russell_applegate@example.com,Corporate,"Houston, Texas"
AS-10285,Alejandro Savely,alejandro_savely@example.com,Corporate,"San Francisco, California"
AS-10285,Alejandro Savely,alejandro_savely@example.com,Corporate,"San Francisco, California"
LA-16780,Laura Armstrong,laura_armstrong@example.com,Home Office,"Taylor, Michigan"
DO-13435,Denny Ordway,denny_ordway@example.com,Corporate,"Pembroke Pines, Florida"
DO-13435,Denny Ordway,denny_ordway@example.com,Home Office,"Pembroke Pines, Florida"
DK-13225,Dean Katz,dean_katz@example.com,Corporate,"Philadelphia, Pennsylvania"
DK-13225,Dean Katz,dean_katz@example.com,Home Office,"Philadelphia, Pennsylvania"
NG-18430,Nathan Gelder,nathan_gelder@example.com,Corporate,"Cincinnati, Ohio"
MV-18190,Mike Vittorini,mike_vittorini@example.com,Small Business,"New York City, New York"
MV-18190,Mike Vittorini,mike_vittorini@example.com,Small Business,"New York City, New York"
JG-15115,Jack Garza,jack_garza@example.com,Small Business,"Des Moines, Washington"
JG-15115,Jack Garza,jack_garza@example.com,Corporate,"Des Moines, Washington"
BP-11095,Bart Pistole,bart_pistole@example.com,Corporate,"Peoria, Illinois"
VP-21730,Victor Preis,victor_preis@example.com,Corporate,"Las Vegas, Nevada"
SS-20140,Saphhira Shifley,saphhira_shifley@example.com,Corporate,"Warwick, Rhode Island"
SS-20140,Saphhira Shifley,saphhira_shifley@example.com,Corporate,"Warwick, Rhode Island"
HP-14815,Harold Pawlan,harold_pawlan@example.com,Small Business,"Jackson, Michigan"
AG-10675,Anna Gayman,anna_gayman@example.com,Corporate,"Houston, Texas"
AG-10675,Anna Gayman,anna_gayman@example.com,Consumer,"Houston, Texas"
AG-10675,Anna Gayman,anna_gayman@example.com,Consumer,"Houston, Texas"
AG-10675,Anna Gayman,anna_gayman@example.com,Corporate,"Houston, Texas"
LF-17185,Luke Foster,luke_foster@example.com,Home Office,"Miami, Florida"
SP-20650,Stephanie Phelps,stephanie_phelps@example.com,Home Office,"Wilmington, North Carolina"
RF-19840,Roy FranzÃ¶sisch,roy_franzã¶sisch@example.com,Small Business,"New York City, New York"
KH-16510,Keith Herrera,keith_herrera@example.com,Home Office,"San Francisco, California"
KH-16510,Keith Herrera,keith_herrera@example.com,Home Office,"San Francisco, California"
KH-16510,Keith Herrera,keith_herrera@example.com,Home Office,"San Francisco, California"
KH-16510,Keith Herrera,keith_herrera@example.com,Corporate,"San Francisco, California"
KH-16510,Keith Herrera,keith_herrera@example.com,Corporate,"San Francisco, California"
KH-16510,Keith Herrera,keith_herrera@example.com,Corporate,"San Francisco, California"
KH-16510,Keith Herrera,keith_herrera@example.com,Corporate,"San Francisco, California"
KH-16510,Keith Herrera,keith_herrera@example.com,Corporate,"San Francisco, California"
KH-16510,Keith Herrera,keith_herrera@example.com,Corporate,"San Francisco, California"
KC-16675,Kimberly Carter,kimberly_carter@example.com,Small Business,"Seattle, Washington"
KC-16675,Kimberly Carter,kimberly_carter@example.com,Corporate,"Seattle, Washington"
CJ-12010,Caroline Jumper,caroline_jumper@example.com,Home Office,"Huntington Beach, California"
PB-19150,Philip Brown,philip_brown@example.com,Home Office,"Los Angeles, California"
VB-21745,Victoria Brennan,victoria_brennan@example.com,Home Office,"Richmond, Kentucky"
SP-20860,Sung Pak,sung_pak@example.com,Small Business,"Los Angeles, California"
SP-20860,Sung Pak,sung_pak@example.com,Corporate,"Los Angeles, California"
JE-15745,Joel Eaton,joel_eaton@example.com,Home Office,"Louisville, Colorado"
MP-17965,Michael Paige,michael_paige@example.com,Small Business,"Lawrence, Massachusetts"
MP-17965,Michael Paige,michael_paige@example.com,Small Business,"Lawrence, Massachusetts"
NF-18385,Natalie Fritzler,natalie_fritzler@example.com,Corporate,"Jackson, Mississippi"
JM-15265,Janet Molinari,janet_molinari@example.com,Small Business,"Canton, Michigan"
JM-15265,Janet Molinari,janet_molinari@example.com,Corporate,"Canton, Michigan"
SD-20485,Shirley Daniels,shirley_daniels@example.com,Corporate,"New Rochelle, New York"
KH-16630,Ken Heidel,ken_heidel@example.com,Home Office,"San Antonio, Texas"
RB-19795,Ross Baird,ross_baird@example.com,Corporate,"Gastonia, North Carolina"
RB-19795,Ross Baird,ross_baird@example.com,Home Office,"Gastonia, North Carolina"
RB-19795,Ross Baird,ross_baird@example.com,Consumer,"Gastonia, North Carolina"
RB-19795,Ross Baird,ross_baird@example.com,Corporate,"Gastonia, North Carolina"
DB-13060,Dave Brooks,dave_brooks@example.com,Home Office,"Lowell, Massachusetts"
MK-18160,Mike Kennedy,mike_kennedy@example.com,Corporate,"Jacksonville, Florida"
MK-18160,Mike Kennedy,mike_kennedy@example.com,Small Business,"Jacksonville, Florida"
PO-19180,Philisse Overcash,philisse_overcash@example.com,Home Office,"Chicago, Illinois"
PO-19180,Philisse Overcash,philisse_overcash@example.com,Home Office,"Chicago, Illinois"
BB-11545,Brenda Bowman,brenda_bowman@example.com,Corporate,"Houston, Texas"
CV-12805,Cynthia Voltz,cynthia_voltz@example.com,Corporate,"New York City, New York"
PK-19075,Pete Kriz,pete_kriz@example.com,Small Business,"Detroit, Michigan"
PK-19075,Pete Kriz,pete_kriz@example.com,Small Business,"Detroit, Michigan"
PK-19075,Pete Kriz,pete_kriz@example.com,Home Office,"Detroit, Michigan"
PK-19075,Pete Kriz,pete_kriz@example.com,Consumer,"Detroit, Michigan"
PK-19075,Pete Kriz,pete_kriz@example.com,Small Business,"Detroit, Michigan"
PK-19075,Pete Kriz,pete_kriz@example.com,Small Business,"Detroit, Michigan"
TB-21595,Troy Blackwell,troy_blackwell@example.com,Small Business,"Columbus, Indiana"
RB-19360,Raymond Buch,raymond_buch@example.com,Small Business,"Auburn, New York"
RB-19360,Raymond Buch,raymond_buch@example.com,Corporate,"Auburn, New York"
RB-19360,Raymond Buch,raymond_buch@example.com,Corporate,"Auburn, New York"
RB-19360,Raymond Buch,raymond_buch@example.com,Small Business,"Auburn, New York"
RB-19360,Raymond Buch,raymond_buch@example.com,Small Business,"Auburn, New York"
RB-19360,Raymond Buch,raymond_buch@example.com,Small Business,"Auburn, New York"
EB-13705,Ed Braxton,ed_braxton@example.com,Corporate,"Akron, Ohio"
EB-13705,Ed Braxton,ed_braxton@example.com,Home Office,"Akron, Ohio"
KH-16630,Ken Heidel,ken_heidel@example.com,Corporate,"Norman, Oklahoma"
SC-20095,Sanjit Chand,sanjit_chand@example.com,Small Business,"Concord, California"
NF-18385,Natalie Fritzler,natalie_fritzler@example.com,Consumer,"Decatur, Illinois"
NF-18385,Natalie Fritzler,natalie_fritzler@example.com,Consumer,"Decatur, Illinois"
JH-15985,Joseph Holt,joseph_holt@example.com,Small Business,"Seattle, Washington"
JH-15985,Joseph Holt,joseph_holt@example.com,Home Office,"Seattle, Washington"
JH-15985,Joseph Holt,joseph_holt@example.com,Corporate,"Seattle, Washington"
TN-21040,Tanja Norvell,tanja_norvell@example.com,Consumer,"Phoenix, Arizona"
TN-21040,Tanja Norvell,tanja_norvell@example.com,Corporate,"Phoenix, Arizona"
TN-21040,Tanja Norvell,tanja_norvell@example.com,Corporate,"Phoenix, Arizona"
TN-21040,Tanja Norvell,tanja_norvell@example.com,Small Business,"Phoenix, Arizona"
TN-21040,Tanja Norvell,tanja_norvell@example.com,Small Business,"Phoenix, Arizona"
JS-15940,Joni Sundaresam,joni_sundaresam@example.com,Corporate,"Park Ridge, Illinois"
DS-13180,David Smith,david_smith@example.com,Consumer,"Amarillo, Texas"
CC-12670,Craig Carreira,craig_carreira@example.com,Corporate,"Chicago, Illinois"
MH-17785,Maya Herman,maya_herman@example.com,Home Office,"Lindenhurst, New York"
JP-15520,Jeremy Pistek,jeremy_pistek@example.com,Home Office,"San Francisco, California"
JP-15520,Jeremy Pistek,jeremy_pistek@example.com,Small Business,"San Francisco, California"
JP-15520,Jeremy Pistek,jeremy_pistek@example.com,Small Business,"San Francisco, California"
JP-15520,Jeremy Pistek,jeremy_pistek@example.com,Small Business,"San Francisco, California"
JP-15520,Jeremy Pistek,jeremy_pistek@example.com,Consumer,"San Francisco, California"
JP-15520,Jeremy Pistek,jeremy_pistek@example.com,Small Business,"San Francisco, California"
KH-16690,Kristen Hastings,kristen_hastings@example.com,Corporate,"Los Angeles, California"
JE-15475,Jeremy Ellison,jeremy_ellison@example.com,Corporate,"Troy, New York"
JG-15805,John Grady,john_grady@example.com,Corporate,"New York City, New York"
JG-15805,John Grady,john_grady@example.com,Corporate,"New York City, New York"
XP-21865,Xylona Preis,xylona_preis@example.com,Corporate,"San Diego, California"
EM-14065,Erin Mull,erin_mull@example.com,Home Office,"New York City, New York"
EM-14065,Erin Mull,erin_mull@example.com,Small Business,"New York City, New York"
MT-18070,Michelle Tran,michelle_tran@example.com,Small Business,"Los Angeles, California"
MT-18070,Michelle Tran,michelle_tran@example.com,Small Business,"Los Angeles, California"
MT-18070,Michelle Tran,michelle_tran@example.com,Small Business,"Los Angeles, California"
SA-20830,Sue Ann Reed,sue_reed@example.com,Small Business,"Chicago, Illinois"
CW-11905,Carl Weiss,carl_weiss@example.com,Corporate,"Huntsville, Texas"
CW-11905,Carl Weiss,carl_weiss@example.com,Corporate,"Huntsville, Texas"
CW-11905,Carl Weiss,carl_weiss@example.com,Consumer,"Huntsville, Texas"
AJ-10960,Astrea Jones,astrea_jones@example.com,Consumer,"Rochester, New York"
AJ-10960,Astrea Jones,astrea_jones@example.com,Corporate,"Rochester, New York"
SS-20590,Sonia Sunley,sonia_sunley@example.com,Corporate,"Seattle, Washington"
RO-19780,Rose O'Brian,rose_o'brian@example.com,Corporate,"Memphis, Tennessee"
MD-17350,Maribeth Dona,maribeth_dona@example.com,Small Business,"Fayetteville, Arkansas"
SC-20095,Sanjit Chand,sanjit_chand@example.com,Small Business,"Costa Mesa, California"
SC-20095,Sanjit Chand,sanjit_chand@example.com,Consumer,"Costa Mesa, California"
SC-20095,Sanjit Chand,sanjit_chand@example.com,Corporate,"Costa Mesa, California"
SC-20095,Sanjit Chand,sanjit_chand@example.com,Corporate,"Costa Mesa, California"
MY-17380,Maribeth Yedwab,maribeth_yedwab@example.com,Consumer,"Parker, Colorado"
MY-17380,Maribeth Yedwab,maribeth_yedwab@example.com,Consumer,"Parker, Colorado"
MY-17380,Maribeth Yedwab,maribeth_yedwab@example.com,Home Office,"Parker, Colorado"
MY-17380,Maribeth Yedwab,maribeth_yedwab@example.com,Corporate,"Parker, Colorado"
MY-17380,Maribeth Yedwab,maribeth_yedwab@example.com,Small Business,"Parker, Colorado"
EB-13705,Ed Braxton,ed_braxton@example.com,Home Office,"New York City, New York"
CM-12385,Christopher Martinez,christopher_martinez@example.com,Corporate,"Atlanta, Georgia"
CM-12385,Christopher Martinez,christopher_martinez@example.com,Corporate,"Atlanta, Georgia"
CM-12385,Christopher Martinez,christopher_martinez@example.com,Corporate,"Atlanta, Georgia"
CM-12385,Christopher Martinez,christopher_martinez@example.com,Corporate,"Atlanta, Georgia"
LS-17245,Lynn Smith,lynn_smith@example.com,Home Office,"Gladstone, Missouri"
LS-17245,Lynn Smith,lynn_smith@example.com,Corporate,"Gladstone, Missouri"
LF-17185,Luke Foster,luke_foster@example.com,Home Office,"Newark, Ohio"
BN-11515,Bradley Nguyen,bradley_nguyen@example.com,Corporate,"Los Angeles, California"
BN-11515,Bradley Nguyen,bradley_nguyen@example.com,Consumer,"Los Angeles, California"
AD-10180,Alan Dominguez,alan_dominguez@example.com,Consumer,"Great Falls, Montana"
AD-10180,Alan Dominguez,alan_dominguez@example.com,Small Business,"Great Falls, Montana"
AD-10180,Alan Dominguez,alan_dominguez@example.com,Small Business,"Great Falls, Montana"
AD-10180,Alan Dominguez,alan_dominguez@example.com,Corporate,"Great Falls, Montana"
DB-13210,Dean Braden,dean_braden@example.com,Corporate,"Houston, Texas"
DB-13210,Dean Braden,dean_braden@example.com,Corporate,"Houston, Texas"
DB-13210,Dean Braden,dean_braden@example.com,Consumer,"Houston, Texas"
MC-17605,Matt Connell,matt_connell@example.com,Home Office,"Detroit, Michigan"
LH-17155,Logan Haushalter,logan_haushalter@example.com,Home Office,"Los Angeles, California"
LH-17155,Logan Haushalter,logan_haushalter@example.com,Home Office,"Los Angeles, California"
BD-11605,Brian Dahlen,brian_dahlen@example.com,Home Office,"Lawrence, Massachusetts"
PH-18790,Patricia Hirasaki,patricia_hirasaki@example.com,Home Office,"Lakeland, Florida"
PH-18790,Patricia Hirasaki,patricia_hirasaki@example.com,Corporate,"Lakeland, Florida"
MG-18145,Mike Gockenbach,mike_gockenbach@example.com,Corporate,"Philadelphia, Pennsylvania"
MG-18145,Mike Gockenbach,mike_gockenbach@example.com,Corporate,"Philadelphia, Pennsylvania"
MG-18145,Mike Gockenbach,mike_gockenbach@example.com,Corporate,"Philadelphia, Pennsylvania"
KB-16240,Karen Bern,karen_bern@example.com,Corporate,"Los Angeles, California"
JC-15340,Jasper Cacioppo,jasper_cacioppo@example.com,Home Office,"Los Angeles, California"
RL-19615,Rob Lucas,rob_lucas@example.com,Corporate,"Montgomery, Alabama"
RL-19615,Rob Lucas,rob_lucas@example.com,Corporate,"Montgomery, Alabama"
AA-10375,Allen Armold,allen_armold@example.com,Corporate,"Mesa, Arizona"
EP-13915,Emily Phan,emily_phan@example.com,Corporate,"Chicago, Illinois"
MP-17470,Mark Packer,mark_packer@example.com,Corporate,"New York City, New York"
DK-12985,Darren Koutras,darren_koutras@example.com,Corporate,"Henderson, Kentucky"
DK-12985,Darren Koutras,darren_koutras@example.com,Consumer,"Henderson, Kentucky"
BD-11500,Bradley Drucker,bradley_drucker@example.com,Consumer,"Green Bay, Wisconsin"
ES-14080,Erin Smith,erin_smith@example.com,Corporate,"Tucson, Arizona"
LM-17065,Liz MacKendrick,liz_mackendrick@example.com,Corporate,"Springfield, Ohio"
PG-18895,Paul Gonzalez,paul_gonzalez@example.com,Corporate,"Fort Worth, Texas"
PG-18895,Paul Gonzalez,paul_gonzalez@example.com,Corporate,"Fort Worth, Texas"
PG-18895,Paul Gonzalez,paul_gonzalez@example.com,Corporate,"Fort Worth, Texas"
AS-10135,Adrian Shami,adrian_shami@example.com,Corporate,"New York City, New York"
AS-10135,Adrian Shami,adrian_shami@example.com,Corporate,"New York City, New York"
DK-13225,Dean Katz,dean_katz@example.com,Consumer,"Chicago, Illinois"
DK-13225,Dean Katz,dean_katz@example.com,Consumer,"Chicago, Illinois"
DK-13225,Dean Katz,dean_katz@example.com,Consumer,"Chicago, Illinois"
BD-11320,Bill Donatelli,bill_donatelli@example.com,Corporate,"San Francisco, California"
RC-19960,Ryan Crowe,ryan_crowe@example.com,Small Business,"Jacksonville, Florida"
GT-14710,Greg Tran,greg_tran@example.com,Consumer,"Houston, Texas"
DK-13225,Dean Katz,dean_katz@example.com,Corporate,"Anaheim, California"
AJ-10945,Ashley Jarboe,ashley_jarboe@example.com,Corporate,"Wilmington, North Carolina"
OT-18730,Olvera Toch,olvera_toch@example.com,Consumer,"Los Angeles, California"
OT-18730,Olvera Toch,olvera_toch@example.com,Corporate,"Los Angeles, California"
OT-18730,Olvera Toch,olvera_toch@example.com,Small Business,"Los Angeles, California"
LP-17080,Liz Pelletier,liz_pelletier@example.com,Small Business,"San Francisco, California"
LP-17080,Liz Pelletier,liz_pelletier@example.com,Corporate,"San Francisco, California"
CA-12775,Cynthia Arntzen,cynthia_arntzen@example.com,Corporate,"Tampa, Florida"
CA-12775,Cynthia Arntzen,cynthia_arntzen@example.com,Corporate,"Tampa, Florida"
JF-15490,Jeremy Farry,jeremy_farry@example.com,Corporate,"Seattle, Washington"
JF-15490,Jeremy Farry,jeremy_farry@example.com,Corporate,"Seattle, Washington"
FP-14320,Frank Preis,frank_preis@example.com,Small Business,"Los Angeles, California"
EB-13840,Ellis Ballard,ellis_ballard@example.com,Corporate,"Seattle, Washington"
EB-13840,Ellis Ballard,ellis_ballard@example.com,Corporate,"Seattle, Washington"
EB-13840,Ellis Ballard,ellis_ballard@example.com,Corporate,"Seattle, Washington"
EB-13840,Ellis Ballard,ellis_ballard@example.com,Consumer,"Seattle, Washington"
JF-15415,Jennifer Ferguson,jennifer_ferguson@example.com,Consumer,"New York City, New York"
JF-15415,Jennifer Ferguson,jennifer_ferguson@example.com,Corporate,"New York City, New York"
JF-15415,Jennifer Ferguson,jennifer_ferguson@example.com,Corporate,"New York City, New York"
JF-15415,Jennifer Ferguson,jennifer_ferguson@example.com,Corporate,"New York City, New York"
SF-20200,Sarah Foster,sarah_foster@example.com,Corporate,"Marysville, Washington"
TG-21640,Trudy Glocke,trudy_glocke@example.com,Corporate,"Long Beach, California"
TG-21640,Trudy Glocke,trudy_glocke@example.com,Corporate,"Long Beach, California"
TG-21640,Trudy Glocke,trudy_glocke@example.com,Corporate,"Long Beach, California"
CS-11950,Carlos Soltero,carlos_soltero@example.com,Consumer,"Chicago, Illinois"
CS-11950,Carlos Soltero,carlos_soltero@example.com,Corporate,"Chicago, Illinois"
CC-12145,Charles Crestani,charles_crestani@example.com,Corporate,"Los Angeles, California"
DV-13465,Dianna Vittorini,dianna_vittorini@example.com,Corporate,"Denver, Colorado"
DV-13465,Dianna Vittorini,dianna_vittorini@example.com,Corporate,"Denver, Colorado"
DV-13465,Dianna Vittorini,dianna_vittorini@example.com,Corporate,"Denver, Colorado"
DV-13465,Dianna Vittorini,dianna_vittorini@example.com,Corporate,"Denver, Colorado"
DV-13465,Dianna Vittorini,dianna_vittorini@example.com,Small Business,"Denver, Colorado"
BD-11725,Bruce Degenhardt,bruce_degenhardt@example.com,Corporate,"Richmond, Kentucky"
BD-11725,Bruce Degenhardt,bruce_degenhardt@example.com,Corporate,"Richmond, Kentucky"
ZC-21910,Zuschuss Carroll,zuschuss_carroll@example.com,Home Office,"Salem, Oregon"
ZC-21910,Zuschuss Carroll,zuschuss_carroll@example.com,Consumer,"Salem, Oregon"
ZC-21910,Zuschuss Carroll,zuschuss_carroll@example.com,Consumer,"Salem, Oregon"
ZC-21910,Zuschuss Carroll,zuschuss_carroll@example.com,Consumer,"Salem, Oregon"
MS-17830,Melanie Seite,melanie_seite@example.com,Corporate,"Laredo, Texas"
MS-17830,Melanie Seite,melanie_seite@example.com,Consumer,"Laredo, Texas"
LR-16915,Lena Radford,lena_radford@example.com,Consumer,"San Diego, California"
LR-16915,Lena Radford,lena_radford@example.com,Home Office,"San Diego, California"
LR-16915,Lena Radford,lena_radford@example.com,Corporate,"San Diego, California"
LR-16915,Lena Radford,lena_radford@example.com,Corporate,"San Diego, California"
TP-21130,Theone Pippenger,theone_pippenger@example.com,Corporate,"Philadelphia, Pennsylvania"
CK-12205,Chloris Kastensmidt,chloris_kastensmidt@example.com,Corporate,"Philadelphia, Pennsylvania"
CK-12205,Chloris Kastensmidt,chloris_kastensmidt@example.com,Corporate,"Philadelphia, Pennsylvania"
CK-12205,Chloris Kastensmidt,chloris_kastensmidt@example.com,Small Business,"Philadelphia, Pennsylvania"
AS-10240,Alan Shonely,alan_shonely@example.com,Small Business,"Tampa, Florida"
AS-10240,Alan Shonely,alan_shonely@example.com,Small Business,"Tampa, Florida"
AS-10240,Alan Shonely,alan_shonely@example.com,Small Business,"Tampa, Florida"
AS-10240,Alan Shonely,alan_shonely@example.com,Consumer,"Tampa, Florida"
AS-10240,Alan Shonely,alan_shonely@example.com,Home Office,"Tampa, Florida"
AR-10510,Andrew Roberts,andrew_roberts@example.com,Home Office,"Philadelphia, Pennsylvania"
AR-10510,Andrew Roberts,andrew_roberts@example.com,Corporate,"Philadelphia, Pennsylvania"
AR-10510,Andrew Roberts,andrew_roberts@example.com,Corporate,"Philadelphia, Pennsylvania"
NB-18655,Nona Balk,nona_balk@example.com,Corporate,"Dallas, Texas"
NB-18655,Nona Balk,nona_balk@example.com,Consumer,"Dallas, Texas"
GD-14590,Giulietta Dortch,giulietta_dortch@example.com,Consumer,"Philadelphia, Pennsylvania"
GD-14590,Giulietta Dortch,giulietta_dortch@example.com,Corporate,"Philadelphia, Pennsylvania"
CK-12595,Clytie Kelty,clytie_kelty@example.com,Corporate,"Grove City, Ohio"
CK-12595,Clytie Kelty,clytie_kelty@example.com,Corporate,"Grove City, Ohio"
NG-18355,Nat Gilpin,nat_gilpin@example.com,Small Business,"New York City, New York"
NG-18355,Nat Gilpin,nat_gilpin@example.com,Corporate,"New York City, New York"
NG-18355,Nat Gilpin,nat_gilpin@example.com,Corporate,"New York City, New York"
NG-18355,Nat Gilpin,nat_gilpin@example.com,Corporate,"New York City, New York"
NG-18355,Nat Gilpin,nat_gilpin@example.com,Corporate,"New York City, New York"
CA-12265,Christina Anderson,christina_anderson@example.com,Corporate,"Chicago, Illinois"
SF-20965,Sylvia Foulston,sylvia_foulston@example.com,Corporate,"Dearborn, Michigan"
SF-20965,Sylvia Foulston,sylvia_foulston@example.com,Corporate,"Dearborn, Michigan"
SF-20965,Sylvia Foulston,sylvia_foulston@example.com,Corporate,"Dearborn, Michigan"
SF-20965,Sylvia Foulston,sylvia_foulston@example.com,Small Business,"Dearborn, Michigan"
MO-17800,Meg O'Connel,meg_o'connel@example.com,Consumer,"New York City, New York"
AT-10735,Annie Thurman,annie_thurman@example.com,Home Office,"Seattle, Washington"
LC-17140,Logan Currie,logan_currie@example.com,Consumer,"San Francisco, California"
LC-17140,Logan Currie,logan_currie@example.com,Small Business,"San Francisco, California"
FM-14380,Fred McMath,fred_mcmath@example.com,Corporate,"Aurora, Colorado"
FM-14380,Fred McMath,fred_mcmath@example.com,Corporate,"Aurora, Colorado"
FM-14380,Fred McMath,fred_mcmath@example.com,Corporate,"Aurora, Colorado"
BD-11605,Brian Dahlen,brian_dahlen@example.com,Consumer,"Miami, Florida"
BD-11605,Brian Dahlen,brian_dahlen@example.com,Small Business,"Miami, Florida"
DJ-13420,Denny Joy,denny_joy@example.com,Small Business,"Warner Robins, Georgia"
ME-17725,Max Engle,max_engle@example.com,Home Office,"Aurora, Colorado"
ME-17725,Max Engle,max_engle@example.com,Corporate,"Aurora, Colorado"
RB-19465,Rick Bensley,rick_bensley@example.com,Corporate,"Vallejo, California"
RB-19465,Rick Bensley,rick_bensley@example.com,Corporate,"Vallejo, California"
JD-16150,Justin Deggeller,justin_deggeller@example.com,Corporate,"Minneapolis, Minnesota"
JL-15835,John Lee,john_lee@example.com,Corporate,"Mission Viejo, California"
JL-15835,John Lee,john_lee@example.com,Corporate,"Mission Viejo, California"
SC-20305,Sean Christensen,sean_christensen@example.com,Home Office,"Rochester Hills, Michigan"
TW-21025,Tamara Willingham,tamara_willingham@example.com,Home Office,"Plainfield, New Jersey"
CC-12430,Chuck Clark,chuck_clark@example.com,Corporate,"Columbus, Indiana"
BB-10990,Barry Blumstein,barry_blumstein@example.com,Small Business,"Sierra Vista, Arizona"
BB-10990,Barry Blumstein,barry_blumstein@example.com,Small Business,"Sierra Vista, Arizona"
AR-10825,Anthony Rawles,anthony_rawles@example.com,Small Business,"Vancouver, Washington"
AR-10825,Anthony Rawles,anthony_rawles@example.com,Corporate,"Vancouver, Washington"
AR-10825,Anthony Rawles,anthony_rawles@example.com,Corporate,"Vancouver, Washington"
SR-20740,Steven Roelle,steven_roelle@example.com,Consumer,"New York City, New York"
AR-10405,Allen Rosenblatt,allen_rosenblatt@example.com,Corporate,"New York City, New York"
AR-10405,Allen Rosenblatt,allen_rosenblatt@example.com,Corporate,"New York City, New York"
CR-12730,Craig Reiter,craig_reiter@example.com,Corporate,"Columbus, Ohio"
CR-12730,Craig Reiter,craig_reiter@example.com,Home Office,"Columbus, Ohio"
CR-12730,Craig Reiter,craig_reiter@example.com,Home Office,"Columbus, Ohio"
EH-14125,Eugene Hildebrand,eugene_hildebrand@example.com,Corporate,"Aurora, Illinois"
EH-14125,Eugene Hildebrand,eugene_hildebrand@example.com,Corporate,"Aurora, Illinois"
CB-12025,Cassandra Brandow,cassandra_brandow@example.com,Corporate,"Arlington, Texas"
CB-12025,Cassandra Brandow,cassandra_brandow@example.com,Small Business,"Arlington, Texas"
CB-12025,Cassandra Brandow,cassandra_brandow@example.com,Consumer,"Arlington, Texas"
CB-12025,Cassandra Brandow,cassandra_brandow@example.com,Consumer,"Arlington, Texas"
SP-20545,Sibella Parks,sibella_parks@example.com,Corporate,"New York City, New York"
RC-19825,Roy Collins,roy_collins@example.com,Corporate,"Louisville, Kentucky"
TH-21235,Tiffany House,tiffany_house@example.com,Small Business,"Dallas, Texas"
TH-21235,Tiffany House,tiffany_house@example.com,Corporate,"Dallas, Texas"
TH-21235,Tiffany House,tiffany_house@example.com,Corporate,"Dallas, Texas"
RP-19390,Resi PÃ¶lking,resi_pã¶lking@example.com,Corporate,"Cleveland, Ohio"
MO-17800,Meg O'Connel,meg_o'connel@example.com,Consumer,"Chicago, Illinois"
MO-17800,Meg O'Connel,meg_o'connel@example.com,Consumer,"Chicago, Illinois"
MO-17800,Meg O'Connel,meg_o'connel@example.com,Consumer,"Chicago, Illinois"
TD-20995,Tamara Dahlen,tamara_dahlen@example.com,Corporate,"Quincy, Illinois"
RB-19570,Rob Beeghly,rob_beeghly@example.com,Corporate,"Columbus, Indiana"
RB-19570,Rob Beeghly,rob_beeghly@example.com,Corporate,"Columbus, Indiana"
RB-19570,Rob Beeghly,rob_beeghly@example.com,Corporate,"Columbus, Indiana"
CD-11980,Carol Darley,carol_darley@example.com,Corporate,"Tyler, Texas"
CD-11980,Carol Darley,carol_darley@example.com,Corporate,"Tyler, Texas"
CD-11980,Carol Darley,carol_darley@example.com,Small Business,"Tyler, Texas"
CD-11980,Carol Darley,carol_darley@example.com,Small Business,"Tyler, Texas"
DJ-13630,Doug Jacobs,doug_jacobs@example.com,Small Business,"New York City, New York"
DJ-13630,Doug Jacobs,doug_jacobs@example.com,Corporate,"New York City, New York"
DJ-13630,Doug Jacobs,doug_jacobs@example.com,Corporate,"New York City, New York"
GT-14635,Grant Thornton,grant_thornton@example.com,Home Office,"Burlington, North Carolina"
GT-14635,Grant Thornton,grant_thornton@example.com,Home Office,"Burlington, North Carolina"
MC-17845,Michael Chen,michael_chen@example.com,Home Office,"Jackson, Mississippi"
MC-17845,Michael Chen,michael_chen@example.com,Corporate,"Jackson, Mississippi"
MC-17845,Michael Chen,michael_chen@example.com,Corporate,"Jackson, Mississippi"
RA-19285,Ralph Arnett,ralph_arnett@example.com,Corporate,"New York City, New York"
NP-18325,Naresj Patel,naresj_patel@example.com,Corporate,"Waynesboro, Virginia"
NP-18325,Naresj Patel,naresj_patel@example.com,Corporate,"Waynesboro, Virginia"
NP-18325,Naresj Patel,naresj_patel@example.com,Small Business,"Waynesboro, Virginia"
AB-10165,Alan Barnes,alan_barnes@example.com,Small Business,"Los Angeles, California"
AB-10165,Alan Barnes,alan_barnes@example.com,Small Business,"Los Angeles, California"
JO-15550,Jesus Ocampo,jesus_ocampo@example.com,Corporate,"Chester, Pennsylvania"
JO-15550,Jesus Ocampo,jesus_ocampo@example.com,Corporate,"Chester, Pennsylvania"
JO-15550,Jesus Ocampo,jesus_ocampo@example.com,Corporate,"Chester, Pennsylvania"
JO-15550,Jesus Ocampo,jesus_ocampo@example.com,Consumer,"Chester, Pennsylvania"
JO-15550,Jesus Ocampo,jesus_ocampo@example.com,Consumer,"Chester, Pennsylvania"
JO-15550,Jesus Ocampo,jesus_ocampo@example.com,Corporate,"Chester, Pennsylvania"
JO-15550,Jesus Ocampo,jesus_ocampo@example.com,Corporate,"Chester, Pennsylvania"
Dl-13600,Dorris liebe,dorris_liebe@example.com,Corporate,"Cleveland, Ohio"
AS-10285,Alejandro Savely,alejandro_savely@example.com,Corporate,"Seattle, Washington"
JK-15370,Jay Kimmel,jay_kimmel@example.com,Corporate,"Long Beach, California"
BN-11470,Brad Norvell,brad_norvell@example.com,Corporate,"Cary, North Carolina"
BN-11470,Brad Norvell,brad_norvell@example.com,Corporate,"Cary, North Carolina"
BN-11470,Brad Norvell,brad_norvell@example.com,Consumer,"Cary, North Carolina"
DP-13165,David Philippe,david_philippe@example.com,Consumer,"New York City, New York"
DP-13165,David Philippe,david_philippe@example.com,Consumer,"New York City, New York"
DP-13165,David Philippe,david_philippe@example.com,Corporate,"New York City, New York"
TH-21550,Tracy Hopkins,tracy_hopkins@example.com,Corporate,"New York City, New York"
AP-10915,Arthur Prichep,arthur_prichep@example.com,Corporate,"Palm Coast, Florida"
RS-19765,Roland Schwarz,roland_schwarz@example.com,Corporate,"Mount Vernon, New York"
RS-19765,Roland Schwarz,roland_schwarz@example.com,Corporate,"Mount Vernon, New York"
RS-19765,Roland Schwarz,roland_schwarz@example.com,Corporate,"Mount Vernon, New York"
Dl-13600,Dorris liebe,dorris_liebe@example.com,Corporate,"Seattle, Washington"
SV-20365,Seth Vernon,seth_vernon@example.com,Corporate,"Dover, Delaware"
KC-16540,Kelly Collister,kelly_collister@example.com,Corporate,"Newark, Ohio"
CK-12325,Christine Kargatis,christine_kargatis@example.com,Consumer,"Orem, Utah"
CK-12325,Christine Kargatis,christine_kargatis@example.com,Small Business,"Orem, Utah"
RD-19810,Ross DeVincentis,ross_devincentis@example.com,Corporate,"Los Angeles, California"
MP-17965,Michael Paige,michael_paige@example.com,Home Office,"Detroit, Michigan"
MP-17965,Michael Paige,michael_paige@example.com,Home Office,"Detroit, Michigan"
MR-17545,Mathew Reese,mathew_reese@example.com,Small Business,"Philadelphia, Pennsylvania"
SC-20695,Steve Chapman,steve_chapman@example.com,Corporate,"Hialeah, Florida"
JF-15355,Jay Fein,jay_fein@example.com,Corporate,"Austin, Texas"
JF-15355,Jay Fein,jay_fein@example.com,Corporate,"Austin, Texas"
EG-13900,Emily Grady,emily_grady@example.com,Corporate,"Oceanside, New York"
EG-13900,Emily Grady,emily_grady@example.com,Corporate,"Oceanside, New York"
EG-13900,Emily Grady,emily_grady@example.com,Corporate,"Oceanside, New York"
EG-13900,Emily Grady,emily_grady@example.com,Corporate,"Oceanside, New York"
EG-13900,Emily Grady,emily_grady@example.com,Consumer,"Oceanside, New York"
DS-13030,Darrin Sayre,darrin_sayre@example.com,Corporate,"Seattle, Washington"
DS-13030,Darrin Sayre,darrin_sayre@example.com,Home Office,"Seattle, Washington"
DS-13030,Darrin Sayre,darrin_sayre@example.com,Home Office,"Seattle, Washington"
DS-13030,Darrin Sayre,darrin_sayre@example.com,Corporate,"Seattle, Washington"
DS-13030,Darrin Sayre,darrin_sayre@example.com,Corporate,"Seattle, Washington"
DS-13030,Darrin Sayre,darrin_sayre@example.com,Corporate,"Seattle, Washington"
GZ-14470,Gary Zandusky,gary_zandusky@example.com,Home Office,"San Francisco, California"
PO-19195,Phillina Ober,phillina_ober@example.com,Home Office,"Naperville, Illinois"
PO-19195,Phillina Ober,phillina_ober@example.com,Corporate,"Naperville, Illinois"
PO-19195,Phillina Ober,phillina_ober@example.com,Corporate,"Naperville, Illinois"
SS-20875,Sung Shariari,sung_shariari@example.com,Corporate,"Dallas, Texas"
SS-20875,Sung Shariari,sung_shariari@example.com,Home Office,"Dallas, Texas"
SS-20875,Sung Shariari,sung_shariari@example.com,Consumer,"Dallas, Texas"
SS-20875,Sung Shariari,sung_shariari@example.com,Consumer,"Dallas, Texas"
MH-17785,Maya Herman,maya_herman@example.com,Consumer,"San Diego, California"
MH-17785,Maya Herman,maya_herman@example.com,Consumer,"San Diego, California"
PB-19105,Peter BÃ¼hler,peter_bã¼hler@example.com,Corporate,"Evanston, Illinois"
RF-19735,Roland Fjeld,roland_fjeld@example.com,Corporate,"Trenton, Michigan"
RF-19735,Roland Fjeld,roland_fjeld@example.com,Corporate,"Trenton, Michigan"
RF-19735,Roland Fjeld,roland_fjeld@example.com,Consumer,"Trenton, Michigan"
RF-19735,Roland Fjeld,roland_fjeld@example.com,Corporate,"Trenton, Michigan"
YC-21895,Yoseph Carroll,yoseph_carroll@example.com,Consumer,"San Francisco, California"
MS-17830,Melanie Seite,melanie_seite@example.com,Small Business,"Los Angeles, California"
NB-18655,Nona Balk,nona_balk@example.com,Small Business,"Jacksonville, Florida"
DC-13285,Debra Catini,debra_catini@example.com,Consumer,"Cottage Grove, Minnesota"
DC-13285,Debra Catini,debra_catini@example.com,Consumer,"Cottage Grove, Minnesota"
CP-12340,Christine Phan,christine_phan@example.com,Home Office,"New York City, New York"
BF-11020,Barry FranzÃ¶sisch,barry_franzã¶sisch@example.com,Consumer,"Green Bay, Wisconsin"
AR-10510,Andrew Roberts,andrew_roberts@example.com,Corporate,"Los Angeles, California"
JC-16105,Julie Creighton,julie_creighton@example.com,Corporate,"Atlanta, Georgia"
LH-17020,Lisa Hazard,lisa_hazard@example.com,Corporate,"Columbus, Ohio"
CS-12250,Chris Selesnick,chris_selesnick@example.com,Home Office,"Bossier City, Louisiana"
CS-12250,Chris Selesnick,chris_selesnick@example.com,Home Office,"Bossier City, Louisiana"
CS-12250,Chris Selesnick,chris_selesnick@example.com,Home Office,"Bossier City, Louisiana"
CS-12250,Chris Selesnick,chris_selesnick@example.com,Consumer,"Bossier City, Louisiana"
CS-12250,Chris Selesnick,chris_selesnick@example.com,Small Business,"Bossier City, Louisiana"
AJ-10795,Anthony Johnson,anthony_johnson@example.com,Consumer,"Saint Petersburg, Florida"
LE-16810,Laurel Elliston,laurel_elliston@example.com,Consumer,"Arlington, Virginia"
BV-11245,Benjamin Venier,benjamin_venier@example.com,Home Office,"Des Moines, Iowa"
BV-11245,Benjamin Venier,benjamin_venier@example.com,Small Business,"Des Moines, Iowa"
BV-11245,Benjamin Venier,benjamin_venier@example.com,Small Business,"Des Moines, Iowa"
BV-11245,Benjamin Venier,benjamin_venier@example.com,Home Office,"Des Moines, Iowa"
BV-11245,Benjamin Venier,benjamin_venier@example.com,Home Office,"Des Moines, Iowa"
BV-11245,Benjamin Venier,benjamin_venier@example.com,Corporate,"Des Moines, Iowa"
DL-12865,Dan Lawera,dan_lawera@example.com,Corporate,"Cincinnati, Ohio"
NZ-18565,Nick Zandusky,nick_zandusky@example.com,Corporate,"San Francisco, California"
NZ-18565,Nick Zandusky,nick_zandusky@example.com,Corporate,"San Francisco, California"
NZ-18565,Nick Zandusky,nick_zandusky@example.com,Corporate,"San Francisco, California"
NZ-18565,Nick Zandusky,nick_zandusky@example.com,Corporate,"San Francisco, California"
BM-11785,Bryan Mills,bryan_mills@example.com,Small Business,"Columbus, Ohio"
BM-11785,Bryan Mills,bryan_mills@example.com,Corporate,"Columbus, Ohio"
BM-11785,Bryan Mills,bryan_mills@example.com,Corporate,"Columbus, Ohio"
BM-11785,Bryan Mills,bryan_mills@example.com,Corporate,"Columbus, Ohio"
EA-14035,Erin Ashbrook,erin_ashbrook@example.com,Corporate,"Columbia, South Carolina"
CL-12565,Clay Ludtke,clay_ludtke@example.com,Consumer,"Lancaster, California"
LT-17110,Liz Thompson,liz_thompson@example.com,Consumer,"Lancaster, California"
SA-20830,Sue Ann Reed,sue_reed@example.com,Consumer,"Richmond, Virginia"
SA-20830,Sue Ann Reed,sue_reed@example.com,Consumer,"Richmond, Virginia"
SA-20830,Sue Ann Reed,sue_reed@example.com,Consumer,"Richmond, Virginia"
SA-20830,Sue Ann Reed,sue_reed@example.com,Consumer,"Richmond, Virginia"
JK-15730,Joe Kamberova,joe_kamberova@example.com,Home Office,"Asheville, North Carolina"
ES-14020,Erica Smith,erica_smith@example.com,Consumer,"San Francisco, California"
ES-14020,Erica Smith,erica_smith@example.com,Corporate,"San Francisco, California"
RH-19495,Rick Hansen,rick_hansen@example.com,Corporate,"Rochester, Minnesota"
DB-13120,David Bremer,david_bremer@example.com,Corporate,"Rochester, New York"
DB-13120,David Bremer,david_bremer@example.com,Corporate,"Rochester, New York"
DB-13120,David Bremer,david_bremer@example.com,Home Office,"Rochester, New York"
CD-11920,Carlos Daly,carlos_daly@example.com,Home Office,"Lake Elsinore, California"
HW-14935,Helen Wasserman,helen_wasserman@example.com,Home Office,"San Diego, California"
HW-14935,Helen Wasserman,helen_wasserman@example.com,Home Office,"San Diego, California"
HW-14935,Helen Wasserman,helen_wasserman@example.com,Consumer,"New York City, New York"
MC-18130,Mike Caudle,mike_caudle@example.com,Corporate,"Monroe, Louisiana"
GM-14440,Gary McGarr,gary_mcgarr@example.com,Corporate,"San Francisco, California"
RA-19915,Russell Applegate,russell_applegate@example.com,Consumer,"Denver, Colorado"
RA-19915,Russell Applegate,russell_applegate@example.com,Corporate,"Denver, Colorado"
AA-10375,Allen Armold,allen_armold@example.com,Home Office,"Omaha, Nebraska"
AA-10375,Allen Armold,allen_armold@example.com,Corporate,"Omaha, Nebraska"
ZC-21910,Zuschuss Carroll,zuschuss_carroll@example.com,Corporate,"Edmonds, Washington"
ZC-21910,Zuschuss Carroll,zuschuss_carroll@example.com,Corporate,"Edmonds, Washington"
ZC-21910,Zuschuss Carroll,zuschuss_carroll@example.com,Corporate,"Edmonds, Washington"
ZC-21910,Zuschuss Carroll,zuschuss_carroll@example.com,Corporate,"Edmonds, Washington"
PJ-19015,Pauline Johnson,pauline_johnson@example.com,Corporate,"Santa Ana, California"
PJ-19015,Pauline Johnson,pauline_johnson@example.com,Corporate,"Santa Ana, California"
BW-11110,Bart Watters,bart_watters@example.com,Corporate,"Milwaukee, Wisconsin"
DB-13210,Dean Braden,dean_braden@example.com,Small Business,"Philadelphia, Pennsylvania"
CA-12775,Cynthia Arntzen,cynthia_arntzen@example.com,Small Business,"Philadelphia, Pennsylvania"
CA-12775,Cynthia Arntzen,cynthia_arntzen@example.com,Home Office,"Philadelphia, Pennsylvania"
CA-12775,Cynthia Arntzen,cynthia_arntzen@example.com,Home Office,"Philadelphia, Pennsylvania"
CA-12775,Cynthia Arntzen,cynthia_arntzen@example.com,Home Office,"Philadelphia, Pennsylvania"
CA-12775,Cynthia Arntzen,cynthia_arntzen@example.com,Home Office,"Philadelphia, Pennsylvania"
TR-21325,Toby Ritter,toby_ritter@example.com,Corporate,"Belleville, New Jersey"
TR-21325,Toby Ritter,toby_ritter@example.com,Home Office,"Belleville, New Jersey"
PG-18820,Patrick Gardner,patrick_gardner@example.com,Home Office,"San Francisco, California"
PG-18820,Patrick Gardner,patrick_gardner@example.com,Home Office,"San Francisco, California"
GT-14710,Greg Tran,greg_tran@example.com,Small Business,"Lakeville, Minnesota"
GT-14710,Greg Tran,greg_tran@example.com,Small Business,"Lakeville, Minnesota"
GT-14710,Greg Tran,greg_tran@example.com,Small Business,"Lakeville, Minnesota"
JE-15745,Joel Eaton,joel_eaton@example.com,Small Business,"Florence, Kentucky"
JE-15745,Joel Eaton,joel_eaton@example.com,Corporate,"Florence, Kentucky"
JE-15745,Joel Eaton,joel_eaton@example.com,Home Office,"Florence, Kentucky"
JE-15745,Joel Eaton,joel_eaton@example.com,Corporate,"Florence, Kentucky"
JB-15400,Jennifer Braxton,jennifer_braxton@example.com,Corporate,"Tampa, Florida"
JB-15400,Jennifer Braxton,jennifer_braxton@example.com,Corporate,"Tampa, Florida"
JB-15400,Jennifer Braxton,jennifer_braxton@example.com,Small Business,"Tampa, Florida"
LH-17020,Lisa Hazard,lisa_hazard@example.com,Home Office,"Tyler, Texas"
JL-15175,James Lanier,james_lanier@example.com,Corporate,"Columbia, Tennessee"
EB-13705,Ed Braxton,ed_braxton@example.com,Corporate,"Fort Worth, Texas"
BM-11650,Brian Moss,brian_moss@example.com,Corporate,"New York City, New York"
BM-11650,Brian Moss,brian_moss@example.com,Corporate,"New York City, New York"
BM-11650,Brian Moss,brian_moss@example.com,Corporate,"New York City, New York"
EM-14095,Eudokia Martin,eudokia_martin@example.com,Corporate,"Los Angeles, California"
EM-14095,Eudokia Martin,eudokia_martin@example.com,Corporate,"Los Angeles, California"
EM-14095,Eudokia Martin,eudokia_martin@example.com,Corporate,"Los Angeles, California"
EM-14095,Eudokia Martin,eudokia_martin@example.com,Corporate,"Los Angeles, California"
AF-10885,Art Foster,art_foster@example.com,Corporate,"Louisville, Kentucky"
AF-10885,Art Foster,art_foster@example.com,Corporate,"Louisville, Kentucky"
GA-14725,Guy Armstrong,guy_armstrong@example.com,Home Office,"Lorain, Ohio"
CK-12760,Cyma Kinney,cyma_kinney@example.com,Home Office,"Linden, New Jersey"
DP-13105,Dave Poirier,dave_poirier@example.com,Corporate,"Salinas, California"
DP-13105,Dave Poirier,dave_poirier@example.com,Corporate,"Salinas, California"
VD-21670,Valerie Dominguez,valerie_dominguez@example.com,Corporate,"Jackson, Mississippi"
GT-14710,Greg Tran,greg_tran@example.com,Corporate,"New York City, New York"
GT-14710,Greg Tran,greg_tran@example.com,Corporate,"New York City, New York"
BK-11260,Berenike Kampe,berenike_kampe@example.com,Home Office,"New York City, New York"
BK-11260,Berenike Kampe,berenike_kampe@example.com,Corporate,"New York City, New York"
BK-11260,Berenike Kampe,berenike_kampe@example.com,Corporate,"New York City, New York"
SJ-20125,Sanjit Jacobs,sanjit_jacobs@example.com,Corporate,"New Brunswick, New Jersey"
SJ-20125,Sanjit Jacobs,sanjit_jacobs@example.com,Corporate,"New Brunswick, New Jersey"
CM-12445,Chuck Magee,chuck_magee@example.com,Corporate,"San Francisco, California"
CM-12445,Chuck Magee,chuck_magee@example.com,Home Office,"San Francisco, California"
AJ-10795,Anthony Johnson,anthony_johnson@example.com,Home Office,"Jacksonville, Florida"
AJ-10795,Anthony Johnson,anthony_johnson@example.com,Corporate,"Jacksonville, Florida"
AJ-10795,Anthony Johnson,anthony_johnson@example.com,Consumer,"Jacksonville, Florida"
AJ-10780,Anthony Jacobs,anthony_jacobs@example.com,Home Office,"Springfield, Virginia"
AJ-10780,Anthony Jacobs,anthony_jacobs@example.com,Home Office,"Springfield, Virginia"
LS-16945,Linda Southworth,linda_southworth@example.com,Home Office,"Philadelphia, Pennsylvania"
GP-14740,Guy Phonely,guy_phonely@example.com,Small Business,"Lancaster, Pennsylvania"
PK-18910,Paul Knutson,paul_knutson@example.com,Small Business,"Philadelphia, Pennsylvania"
PK-18910,Paul Knutson,paul_knutson@example.com,Small Business,"Philadelphia, Pennsylvania"
TB-21520,Tracy Blumstein,tracy_blumstein@example.com,Corporate,"Concord, New Hampshire"
SM-20005,Sally Matthias,sally_matthias@example.com,Corporate,"New York City, New York"
SM-20005,Sally Matthias,sally_matthias@example.com,Corporate,"New York City, New York"
GA-14725,Guy Armstrong,guy_armstrong@example.com,Corporate,"Charlotte, North Carolina"
CC-12430,Chuck Clark,chuck_clark@example.com,Corporate,"Concord, New Hampshire"
CC-12430,Chuck Clark,chuck_clark@example.com,Home Office,"Concord, New Hampshire"
CC-12430,Chuck Clark,chuck_clark@example.com,Home Office,"Concord, New Hampshire"
AG-10765,Anthony Garverick,anthony_garverick@example.com,Home Office,"Philadelphia, Pennsylvania"
HP-14815,Harold Pawlan,harold_pawlan@example.com,Home Office,"New York City, New York"
HP-14815,Harold Pawlan,harold_pawlan@example.com,Home Office,"New York City, New York"
DK-13090,Dave Kipp,dave_kipp@example.com,Corporate,"Springfield, Virginia"
GZ-14470,Gary Zandusky,gary_zandusky@example.com,Consumer,"San Francisco, California"
PM-19135,Peter McVee,peter_mcvee@example.com,Home Office,"Detroit, Michigan"
LL-16840,Lauren Leatherbury,lauren_leatherbury@example.com,Corporate,"Rochester, New York"
JS-15595,Jill Stevenson,jill_stevenson@example.com,Corporate,"Los Angeles, California"
OT-18730,Olvera Toch,olvera_toch@example.com,Home Office,"San Diego, California"
EL-13735,Ed Ludwig,ed_ludwig@example.com,Home Office,"Columbia, Maryland"
CK-12760,Cyma Kinney,cyma_kinney@example.com,Home Office,"San Francisco, California"
JE-15475,Jeremy Ellison,jeremy_ellison@example.com,Home Office,"New Rochelle, New York"
JE-15475,Jeremy Ellison,jeremy_ellison@example.com,Home Office,"New Rochelle, New York"
TH-21550,Tracy Hopkins,tracy_hopkins@example.com,Home Office,"Detroit, Michigan"
TH-21550,Tracy Hopkins,tracy_hopkins@example.com,Consumer,"Detroit, Michigan"
TH-21550,Tracy Hopkins,tracy_hopkins@example.com,Consumer,"Detroit, Michigan"
PC-18745,Pamela Coakley,pamela_coakley@example.com,Home Office,"San Francisco, California"
PC-18745,Pamela Coakley,pamela_coakley@example.com,Consumer,"San Francisco, California"
HL-15040,Hunter Lopez,hunter_lopez@example.com,Consumer,"Houston, Texas"
MS-17365,Maribeth Schnelling,maribeth_schnelling@example.com,Small Business,"Detroit, Michigan"
GB-14530,George Bell,george_bell@example.com,Consumer,"Auburn, New York"
JR-16210,Justin Ritter,justin_ritter@example.com,Consumer,"Springfield, Ohio"
TD-20995,Tamara Dahlen,tamara_dahlen@example.com,Home Office,"Garland, Texas"
TD-20995,Tamara Dahlen,tamara_dahlen@example.com,Home Office,"Garland, Texas"
DB-13060,Dave Brooks,dave_brooks@example.com,Home Office,"Chicago, Illinois"
LC-17140,Logan Currie,logan_currie@example.com,Home Office,"Los Angeles, California"
LC-17140,Logan Currie,logan_currie@example.com,Home Office,"Los Angeles, California"
LC-17140,Logan Currie,logan_currie@example.com,Corporate,"Los Angeles, California"
PO-18865,Patrick O'Donnell,patrick_o'donnell@example.com,Home Office,"New York City, New York"
PO-18865,Patrick O'Donnell,patrick_o'donnell@example.com,Home Office,"New York City, New York"
PO-18865,Patrick O'Donnell,patrick_o'donnell@example.com,Small Business,"New York City, New York"
BE-11335,Bill Eplett,bill_eplett@example.com,Small Business,"Jackson, Michigan"
BE-11335,Bill Eplett,bill_eplett@example.com,Home Office,"Jackson, Michigan"
BE-11335,Bill Eplett,bill_eplett@example.com,Small Business,"Jackson, Michigan"
SC-20050,Sample Company A,sample_a@example.com,Small Business,"Norwich, Connecticut"
BM-11650,Brian Moss,brian_moss@example.com,Home Office,"Milwaukee, Wisconsin"
BM-11650,Brian Moss,brian_moss@example.com,Corporate,"Milwaukee, Wisconsin"
KL-16555,Kelly Lampkin,kelly_lampkin@example.com,Corporate,"San Antonio, Texas"
KL-16555,Kelly Lampkin,kelly_lampkin@example.com,Corporate,"San Antonio, Texas"
KL-16555,Kelly Lampkin,kelly_lampkin@example.com,Corporate,"San Antonio, Texas"
RW-19630,Rob Williams,rob_williams@example.com,Corporate,"Dallas, Texas"
RW-19630,Rob Williams,rob_williams@example.com,Corporate,"Dallas, Texas"
RC-19825,Roy Collins,roy_collins@example.com,Corporate,"Alexandria, Virginia"
SE-20110,Sanjit Engle,sanjit_engle@example.com,Consumer,"New York City, New York"
SE-20110,Sanjit Engle,sanjit_engle@example.com,Small Business,"New York City, New York"
SE-20110,Sanjit Engle,sanjit_engle@example.com,Corporate,"New York City, New York"
AH-10075,Adam Hart,adam_hart@example.com,Small Business,"New York City, New York"
JM-15535,Jessica Myrick,jessica_myrick@example.com,Corporate,"Philadelphia, Pennsylvania"
JM-15535,Jessica Myrick,jessica_myrick@example.com,Small Business,"Philadelphia, Pennsylvania"
JJ-15760,Joel Jenkins,joel_jenkins@example.com,Consumer,"Springfield, Virginia"
JJ-15760,Joel Jenkins,joel_jenkins@example.com,Corporate,"Springfield, Virginia"
AB-10165,Alan Barnes,alan_barnes@example.com,Corporate,"Toledo, Ohio"
AB-10165,Alan Barnes,alan_barnes@example.com,Corporate,"Toledo, Ohio"
AB-10165,Alan Barnes,alan_barnes@example.com,Corporate,"Toledo, Ohio"
RK-19300,Ralph Kennedy,ralph_kennedy@example.com,Corporate,"Philadelphia, Pennsylvania"
CG-12040,Catherine Glotzbach,catherine_glotzbach@example.com,Consumer,"Philadelphia, Pennsylvania"
CG-12040,Catherine Glotzbach,catherine_glotzbach@example.com,Corporate,"Philadelphia, Pennsylvania"
CG-12040,Catherine Glotzbach,catherine_glotzbach@example.com,Consumer,"Philadelphia, Pennsylvania"
CG-12040,Catherine Glotzbach,catherine_glotzbach@example.com,Corporate,"Philadelphia, Pennsylvania"
RA-19885,Ruben Ausman,ruben_ausman@example.com,Corporate,"Farmington, New Mexico"
RP-19270,Rachel Payne,rachel_payne@example.com,Corporate,"Riverside, California"
RP-19270,Rachel Payne,rachel_payne@example.com,Corporate,"Riverside, California"
KC-16255,Karen Carlisle,karen_carlisle@example.com,Small Business,"San Francisco, California"
RW-19630,Rob Williams,rob_williams@example.com,Corporate,"Torrance, California"
RW-19630,Rob Williams,rob_williams@example.com,Corporate,"Torrance, California"
JL-15850,John Lucas,john_lucas@example.com,Corporate,"Seattle, Washington"
JL-15850,John Lucas,john_lucas@example.com,Corporate,"Seattle, Washington"
JL-15850,John Lucas,john_lucas@example.com,Small Business,"Seattle, Washington"
CA-12775,Cynthia Arntzen,cynthia_arntzen@example.com,Small Business,"Mesa, Arizona"
RB-19795,Ross Baird,ross_baird@example.com,Small Business,"Philadelphia, Pennsylvania"
RB-19795,Ross Baird,ross_baird@example.com,Home Office,"Philadelphia, Pennsylvania"
RB-19795,Ross Baird,ross_baird@example.com,Home Office,"Philadelphia, Pennsylvania"
RB-19795,Ross Baird,ross_baird@example.com,Home Office,"Philadelphia, Pennsylvania"
RB-19795,Ross Baird,ross_baird@example.com,Corporate,"Philadelphia, Pennsylvania"
KH-16360,Katherine Hughes,katherine_hughes@example.com,Corporate,"Philadelphia, Pennsylvania"
GH-14665,Greg Hansen,greg_hansen@example.com,Home Office,"Round Rock, Texas"
GH-14665,Greg Hansen,greg_hansen@example.com,Home Office,"Round Rock, Texas"
SW-20275,Scott Williamson,scott_williamson@example.com,Small Business,"Jackson, Mississippi"
JA-15970,Joseph Airdo,joseph_airdo@example.com,Consumer,"Phoenix, Arizona"
JA-15970,Joseph Airdo,joseph_airdo@example.com,Small Business,"Phoenix, Arizona"
JA-15970,Joseph Airdo,joseph_airdo@example.com,Corporate,"Phoenix, Arizona"
DL-12925,Daniel Lacy,daniel_lacy@example.com,Small Business,"Oceanside, California"
LW-16990,Lindsay Williams,lindsay_williams@example.com,Home Office,"San Francisco, California"
TB-21190,Thomas Brumley,thomas_brumley@example.com,Small Business,"Fayetteville, Arkansas"
CV-12805,Cynthia Voltz,cynthia_voltz@example.com,Corporate,"San Francisco, California"
MS-17365,Maribeth Schnelling,maribeth_schnelling@example.com,Home Office,"Boca Raton, Florida"
BS-11800,Bryan Spruell,bryan_spruell@example.com,Corporate,"New York City, New York"
BS-11800,Bryan Spruell,bryan_spruell@example.com,Small Business,"New York City, New York"
BS-11800,Bryan Spruell,bryan_spruell@example.com,Small Business,"New York City, New York"
BS-11800,Bryan Spruell,bryan_spruell@example.com,Small Business,"New York City, New York"
BS-11800,Bryan Spruell,bryan_spruell@example.com,Corporate,"New York City, New York"
BS-11800,Bryan Spruell,bryan_spruell@example.com,Corporate,"New York City, New York"
DL-13315,Delfina Latchford,delfina_latchford@example.com,Corporate,"Philadelphia, Pennsylvania"
DL-13315,Delfina Latchford,delfina_latchford@example.com,Corporate,"Philadelphia, Pennsylvania"
DL-13315,Delfina Latchford,delfina_latchford@example.com,Small Business,"Philadelphia, Pennsylvania"
DL-13315,Delfina Latchford,delfina_latchford@example.com,Small Business,"Philadelphia, Pennsylvania"
PO-19195,Phillina Ober,phillina_ober@example.com,Small Business,"New York City, New York"
PO-19195,Phillina Ober,phillina_ober@example.com,Home Office,"New York City, New York"
TD-20995,Tamara Dahlen,tamara_dahlen@example.com,Corporate,"Portland, Oregon"
BW-11110,Bart Watters,bart_watters@example.com,Consumer,"Detroit, Michigan"
RW-19690,Robert Waldorf,robert_waldorf@example.com,Home Office,"Wilmington, North Carolina"
KB-16600,Ken Brennan,ken_brennan@example.com,Home Office,"Columbus, Indiana"
EB-13870,Emily Burns,emily_burns@example.com,Corporate,"New York City, New York"
TZ-21580,Tracy Zic,tracy_zic@example.com,Corporate,"Louisville, Colorado"
TZ-21580,Tracy Zic,tracy_zic@example.com,Small Business,"Louisville, Colorado"
TZ-21580,Tracy Zic,tracy_zic@example.com,Small Business,"Louisville, Colorado"
AS-10630,Ann Steele,ann_steele@example.com,Corporate,"Pasadena, Texas"
AS-10630,Ann Steele,ann_steele@example.com,Small Business,"Pasadena, Texas"
AS-10630,Ann Steele,ann_steele@example.com,Small Business,"Pasadena, Texas"
TS-21340,Toby Swindell,toby_swindell@example.com,Small Business,"Houston, Texas"
JG-15805,John Grady,john_grady@example.com,Small Business,"Auburn, New York"
JG-15805,John Grady,john_grady@example.com,Home Office,"Auburn, New York"
SL-20155,Sara Luxemburg,sara_luxemburg@example.com,Home Office,"Jacksonville, Florida"
TS-21610,Troy Staebel,troy_staebel@example.com,Home Office,"New York City, New York"
RF-19735,Roland Fjeld,roland_fjeld@example.com,Home Office,"San Jose, California"
RF-19735,Roland Fjeld,roland_fjeld@example.com,Small Business,"San Jose, California"
MW-18235,Mitch Willingham,mitch_willingham@example.com,Corporate,"Virginia Beach, Virginia"
MW-18235,Mitch Willingham,mitch_willingham@example.com,Small Business,"Virginia Beach, Virginia"
RD-19585,Rob Dowd,rob_dowd@example.com,Consumer,"Henderson, Kentucky"
RD-19585,Rob Dowd,rob_dowd@example.com,Small Business,"Henderson, Kentucky"
RD-19585,Rob Dowd,rob_dowd@example.com,Small Business,"Henderson, Kentucky"
RD-19585,Rob Dowd,rob_dowd@example.com,Small Business,"Henderson, Kentucky"
