customer_id,customer_name,email,address
201,John Doe,john@example.com,"123 Main St, Anytown, USA"
202,Jane Smith,jane@example.com,"456 Elm St, Othertown, USA"
203,Robert Brown,robert@example.com,"789 Oak St, Anycity, USA"
204,Lisa Johnson,lisa@example.com,"321 Maple St, Somewhere, USA"
205,Michael Wilson,michael@example.com,"654 Pine St, Nowhere, USA"
206,Emily Davis,emily@example.com,"987 Cedar St, Anyplace, USA"
207,David Taylor,david@example.com,"741 Birch St, Othertown, USA"
208,Sarah Clark,sarah@example.com,"852 Spruce St, Somewhere, USA"
209,Andrew Martinez,andrew@example.com,"369 Cherry St, Anycity, USA"
210,Jessica Lee,jessica@example.com,"258 Walnut St, Anytown, USA"
211,Kevin Anderson,kevin@example.com,"147 Oak St, Othertown, USA"
212,Amanda Thomas,amanda@example.com,"369 Elm St, Somewhere, USA"
213,Steven White,steven@example.com,"741 Pine St, Anycity, USA"
214,Rachel Hall,rachel@example.com,"852 Cedar St, Nowhere, USA"
215,Jason Garcia,jason@example.com,"963 Maple St, Anyplace, USA"
216,Laura Lopez,laura@example.com,"159 Birch St, Anytown, USA"
217,Michelle Perez,michelle@example.com,"357 Spruce St, Othertown, USA"
218,Christopher Moore,christopher@example.com,"753 Cherry St, Somewhere, USA"
219,Megan Reed,megan@example.com,"951 Walnut St, Anycity, USA"
220,Brian Hall,brian@example.com,"159 Elm St, Nowhere, USA"
221,Ryan Smith,ryan@example.com,"369 Oak St, Anycity, USA"
222,Olivia Wilson,olivia@example.com,"589 Maple St, Othertown, USA"
223,Ethan Johnson,ethan@example.com,"745 Pine St, Somewhere, USA"
224,Ava Brown,ava@example.com,"980 Cedar St, Nowhere, USA"
225,Mia Jones,mia@example.com,"620 Elm St, Anytown, USA"
226,Noah Taylor,noah@example.com,"365 Oak St, Othertown, USA"
227,Isabella Martinez,isabella@example.com,"587 Maple St, Somewhere, USA"
228,James Anderson,james@example.com,"749 Pine St, Nowhere, USA"
229,Sophia Thomas,sophia@example.com,"981 Cedar St, Anytown, USA"
230,Jacob Jackson,jacob@example.com,"622 Elm St, Othertown, USA"
231,Emma White,emma@example.com,"368 Oak St, Somewhere, USA"
232,Logan Harris,logan@example.com,"588 Maple St, Nowhere, USA"
233,Mia Garcia,mia@example.com,"748 Pine St, Anytown, USA"
234,Amelia Martinez,amelia@example.com,"982 Cedar St, Othertown, USA"
235,Benjamin Clark,benjamin@example.com,"623 Elm St, Somewhere, USA"
236,Charlotte Lee,charlotte@example.com,"367 Oak St, Nowhere, USA"
237,William Walker,william@example.com,"586 Maple St, Anytown, USA"
238,Harper Perez,harper@example.com,"747 Pine St, Othertown, USA"
239,Evelyn Hall,evelyn@example.com,"983 Cedar St, Somewhere, USA"
240,Michael Young,michael@example.com,"624 Elm St, Nowhere, USA"
241,Sophia Turner,sophia@example.com,"369 Oak St, Anycity, USA"
242,Jacob Green,jacob@example.com,"589 Maple St, Othertown, USA"
243,Emily Harris,emily@example.com,"745 Pine St, Somewhere, USA"
244,Jackson Lewis,jackson@example.com,"980 Cedar St, Nowhere, USA"
245,Lily Hall,lily@example.com,"620 Elm St, Anytown, USA"
246,Ethan Wright,ethan@example.com,"365 Oak St, Othertown, USA"
247,Abigail King,abigail@example.com,"587 Maple St, Somewhere, USA"
248,Alexander Baker,alexander@example.com,"749 Pine St, Nowhere, USA"
249,Harper Cook,harper@example.com,"981 Cedar St, Anytown, USA"
250,Charlotte Hill,charlotte@example.com,"622 Elm St, Othertown, USA"
251,Daniel Allen,daniel@example.com,"368 Oak St, Somewhere, USA"
252,Addison Carter,addison@example.com,"588 Maple St, Nowhere, USA"
253,Amelia Long,amelia@example.com,"748 Pine St, Anytown, USA"
254,Oliver Scott,oliver@example.com,"982 Cedar St, Othertown, USA"
255,Penelope Ward,penelope@example.com,"623 Elm St, Somewhere, USA"
256,William Brooks,william@example.com,"367 Oak St, Nowhere, USA"
257,Grace Ramirez,grace@example.com,"586 Maple St, Anytown, USA"
258,Samuel Russell,samuel@example.com,"747 Pine St, Othertown, USA"
259,Scarlett Foster,scarlett@example.com,"983 Cedar St, Somewhere, USA"
260,Henry Patterson,henry@example.com,"624 Elm St, Nowhere, USA"
261,Noah Ward,noah@example.com,"369 Oak St, Anycity, USA"
262,Olivia Brooks,olivia@example.com,"589 Maple St, Othertown, USA"
263,Lucas Patterson,lucas@example.com,"745 Pine St, Somewhere, USA"
264,Mia Cox,mia@example.com,"980 Cedar St, Nowhere, USA"
265,Ethan Richardson,ethan@example.com,"620 Elm St, Anytown, USA"
266,Isabella Wood,isabella@example.com,"365 Oak St, Othertown, USA"
267,Mason Coleman,mason@example.com,"587 Maple St, Somewhere, USA"
268,Mila Jenkins,mila@example.com,"749 Pine St, Nowhere, USA"
269,Oliver Foster,oliver@example.com,"981 Cedar St, Anytown, USA"
270,Amelia Patterson,amelia@example.com,"622 Elm St, Othertown, USA"
271,Elijah Rivera,elijah@example.com,"368 Oak St, Somewhere, USA"
272,Harper Stewart,harper@example.com,"588 Maple St, Nowhere, USA"
273,Liam Mitchell,liam@example.com,"748 Pine St, Anytown, USA"
274,Ava Simmons,ava@example.com,"982 Cedar St, Othertown, USA"
275,Mia Hayes,mia@example.com,"623 Elm St, Somewhere, USA"
276,Ethan Foster,ethan@example.com,"366 Oak St, Nowhere, USA"
277,Sophia Reyes,sophia@example.com,"586 Maple St, Anytown, USA"
278,Noah Gray,noah@example.com,"747 Pine St, Othertown, USA"
279,Isabella Bryant,isabella@example.com,"983 Cedar St, Somewhere, USA"
280,Mason Watson,mason@example.com,"624 Elm St, Nowhere, USA"
281,Amelia Cox,amelia@example.com,"369 Oak St, Anycity, USA"
282,Oliver Ward,oliver@example.com,"589 Maple St, Othertown, USA"
283,Isabella Brooks,isabella@example.com,"745 Pine St, Somewhere, USA"
284,Lucas Patterson,lucas@example.com,"980 Cedar St, Nowhere, USA"
285,Mia Richardson,mia@example.com,"620 Elm St, Anytown, USA"
286,Ethan Wood,ethan@example.com,"365 Oak St, Othertown, USA"
287,Harper Coleman,harper@example.com,"587 Maple St, Somewhere, USA"
288,Mason Jenkins,mason@example.com,"749 Pine St, Nowhere, USA"
289,Mila Foster,mila@example.com,"981 Cedar St, Anytown, USA"
290,Olivia Patterson,olivia@example.com,"622 Elm St, Othertown, USA"
291,Liam Rivera,liam@example.com,"368 Oak St, Somewhere, USA"
292,Ava Stewart,ava@example.com,"588 Maple St, Nowhere, USA"
293,Noah Mitchell,noah@example.com,"748 Pine St, Anytown, USA"
294,Isabella Simmons,isabella@example.com,"982 Cedar St, Othertown, USA"
295,Mason Hayes,mason@example.com,"623 Elm St, Somewhere, USA"
296,Amelia Foster,amelia@example.com,"366 Oak St, Nowhere, USA"
297,Oliver Reyes,oliver@example.com,"586 Maple St, Anytown, USA"
298,Sophia Gray,sophia@example.com,"747 Pine St, Othertown, USA"
299,Elijah Bryant,elijah@example.com,"983 Cedar St, Somewhere, USA"
300,Harper Watson,harper@example.com,"624 Elm St, Nowhere, USA"
